StudentID,StudyHoursPerDay,AttendancePercentage,SleepHours,SocialMediaHours,PreviousExamScore,ParticipationInActivities,InternetUsageHours,FinalExamScore
1,3.621780831931537,59.25664644193098,5.570234102415435,4.036217965253388,74.31975269701556,0,5.668730624032385,73.1414886049302
2,7.655000144869414,77.0950473689179,5.4818727944319985,4.780088383148234,88.32593975799918,1,1.4604895580092832,100.0
3,6.123957592679836,93.64729179382041,9.437527483126221,1.5028073927549939,85.60965578740954,0,3.0957270118848483,100.0
4,5.190609389379256,86.61124432047805,5.497277199097036,3.7492445976419937,49.23399428162642,1,5.428015564888745,80.22263136974435
5,2.0921304830970557,90.32805739307248,5.6316983567717855,3.4304758988624924,48.954968184488436,1,3.792117553702343,71.24213498391693
6,2.0919616423534184,82.93916833553587,8.556389574507783,4.996982260729626,56.0904620646948,0,2.635872379850748,75.13133140855165
7,1.4065852851773961,84.61382822589263,6.69843905470324,5.436522362887564,61.66448358046223,1,5.537195577265945,72.04799654203848
8,7.063233020424546,92.45978257826596,8.660263341731088,0.07294062886432084,64.50733488450896,1,3.905288141030653,100.0
9,5.207805082202461,62.483400442959294,4.392196945386312,4.044119514352756,80.78183301000072,0,3.3229687885607326,74.77425575220909
10,5.956508044572319,74.47124818215703,6.925427162040306,0.3110147947183741,43.40082592995012,0,5.175868756963427,81.50329022574289
11,1.1440914600706171,61.06047209098011,4.201681601099696,3.2931519904641355,42.08036225356398,0,2.1995583227395583,49.79586155086972
12,7.78936896513396,99.38340039983234,4.375919220732127,1.7257963742620692,63.51463377663454,0,9.349711597678667,100.0
13,6.827098485602952,97.20296698433066,9.438624720066466,1.8406595971328472,81.82982152827883,1,8.809318881273152,100.0
14,2.486373774747933,51.9713405684253,4.835472226705571,2.1177510207141395,51.60612057738895,0,7.368585271664818,54.53907910611051
15,2.272774770449704,85.27875862578442,7.194524093651303,3.7277546942976607,78.49026887537511,0,1.955924448296106,79.84677387665982
16,2.283831568974037,96.26241587078329,6.466573615604239,2.0042997940126153,55.58968827641797,0,7.982895290227237,78.4176622149864
17,3.129695700716764,59.02876725636668,6.084059957553056,4.396194303541682,93.16516652881097,0,8.271615952981172,87.55322997859717
18,4.673295021425664,78.39726152763147,9.399000074123634,2.4271643134432184,93.741396655997,0,7.9098815594290395,100.0
19,4.023615130494811,95.77441487940209,4.1309403806529374,0.4101192018597517,57.83723225687959,1,2.0256929840731703,88.93191464089115
20,3.0386039813862933,51.69729892928994,7.982738117053534,4.702559054904643,53.79962523779443,0,6.795171613609883,64.09245492080244
21,5.282970263056656,84.871013362342,9.780366605281301,1.714549947556236,64.67823832397387,1,8.508923161744587,98.29978362633221
22,1.9764570245642927,64.86745036862754,7.361009100771051,2.5966012775955756,54.431895110808924,0,6.1961806109770095,64.35220590030877
23,3.0450125397465273,96.21980976882652,9.62093477219855,4.112663299331409,80.34303059750222,0,6.8176663770528005,98.02343980679596
24,3.564532903055842,98.55291225826838,4.313547275716143,1.994736942892272,89.56388107289713,0,5.1252713148367555,95.86882404718166
25,4.192489889519251,97.2133244556717,6.512759914444969,0.33951393688029374,80.38552785467303,0,5.758365878956473,100.0
26,6.496231729751095,73.71071083287319,5.560946745772307,2.2435262820768815,89.46102683496096,0,1.309391725165527,96.32413443978949
27,2.3977164751085183,93.10213254946567,8.38492578988438,5.666691496165821,63.819529732448444,0,6.750667197759562,80.2915933771679
28,4.599641068895281,92.22746992675351,9.88778254298348,3.8504063837913494,49.37901824253165,0,1.7330249160204327,82.11026483609537
29,5.146901982034297,65.95502366216279,5.539180374665487,4.028874892003241,84.27705684385552,0,4.91513134906201,83.20125692509669
30,1.325152889039984,91.44577370753387,7.925047608844447,3.793692921825839,61.628470308493235,1,3.6338958790066704,76.65379897244199
31,5.252813963310069,51.85038173577463,5.18858579655844,1.1939528337566208,80.27624951374796,0,5.908851551905418,85.97749987036377
32,2.193668865811041,79.81349392410266,7.391981527429659,2.510003184613681,56.23863651890594,1,2.2007470197088637,89.4478679531672
33,1.4553611508969566,61.50044186438515,6.783594920130017,4.505638790179909,44.87377808840036,0,7.224790617759863,52.59646878367771
34,7.642198760773333,56.02834428886394,9.832031977789223,0.6082373853189549,99.5549077292658,1,8.155103832356232,100.0
35,7.7594242315219155,53.84766008146046,7.651163636178799,1.6671166565382736,49.37209047583596,0,2.4701900476884084,86.0447460634659
36,6.658781436815228,84.81443879390699,6.097038232520912,1.6579146507951217,99.30525963780886,0,1.9388177861669393,100.0
37,3.132296384213595,66.9937481884033,4.684574709327601,2.592113565567036,98.63679595398685,0,2.3096393450862323,86.96690312765212
38,1.683704798044687,86.23833857643808,4.907480972409608,5.88221244565311,87.62908623448237,1,8.894148057086515,80.49263357016672
39,5.789631185585098,53.26781703994712,5.351901579707411,0.40501528010293164,79.56537772491986,1,5.753703355807206,95.99084087077092
40,4.081067456177209,65.76451689153052,5.505799968041788,3.11220596628357,74.66842301506509,1,5.2053489640675235,87.599238633498
41,1.8542676439134518,76.97456461876686,9.103696347046828,1.0761880920732627,91.96609272267008,1,1.9604063719211884,93.56774878406408
42,4.466238370778891,89.53615824194819,7.3673367296951495,5.824059272458465,57.36637129716928,0,6.846004060812656,78.6545010818376
43,1.2407196478065288,65.9376251466035,7.140345468246199,0.6798210283647852,68.06087274909262,0,8.811996327055809,68.20495775064533
44,7.365242814551475,81.29456882185045,4.688613231215305,2.4216060141695475,77.16339816199012,0,8.453672823911077,92.53554565289393
45,2.8114598712001184,94.29888741180935,9.16083816009661,4.427309909007637,64.67142855216946,1,6.634492380827211,88.10140533801294
46,5.637655990477874,80.79315940911523,8.336885819250902,4.2273265681646714,65.64918724541607,0,1.6775084498650625,83.5780194506259
47,3.1819775326258766,61.64797373768169,4.406010171400009,2.5363718213635935,59.817080050125064,1,2.011573244584117,67.06517038476585
48,4.640476148244676,51.220039077826904,8.247010583378612,2.0791450077163094,73.85390900107217,1,1.443780883988422,82.25430467254942
49,4.826971955402957,93.50494369504649,7.261229304055877,2.3856742713172236,91.03447168090696,1,3.3173129484322237,100.0
50,2.293981188678689,51.063470542519354,4.490352074480669,1.5856575789518357,52.09170268037877,1,2.2209532044433997,69.15018553452597
51,7.78709239435191,93.73508363420997,6.749803849171939,1.2319976322407988,96.06598232520648,1,3.3404323622719048,100.0
52,6.425929763527802,76.4468567013606,6.908177722780282,2.89823818535334,81.34525922489378,0,4.465522501470655,89.51431143000897
53,7.576492590949324,96.95338492564481,4.9946472409796545,1.611202536405644,89.3963927608018,1,9.48684505664022,100.0
54,7.263791452993542,89.93916178868326,9.674188882001694,1.7247699893835007,73.3714415578007,1,6.493384538035229,100.0
55,5.185299851677596,99.89670552666686,9.099852228883972,3.9405363808473424,86.77100208544381,0,8.514764071146661,100.0
56,7.453119645161818,67.53559077258551,8.01413402397465,5.811223990199354,40.97202384036803,1,7.39316350641099,78.63899721908548
57,1.6194475143634364,88.35941444655634,6.773773366003644,3.6218232033562505,89.1028254867721,1,2.0125281747396855,87.64864256765246
58,2.3718800369340163,70.0965456804621,6.470593249507051,0.46187680238979767,42.40833154512199,0,7.62328365736554,65.80657297256812
59,1.3165910223737665,73.99378101519544,7.905840802905725,0.45350168312440187,93.39480258177176,0,3.4758899340321197,94.49548322928862
60,3.2773123153428503,81.37527316091851,7.272591216441433,5.708539325073396,99.5177648343186,0,6.751970622952357,83.48784322048762
61,3.720741027826374,93.68385570931693,4.3736386352913135,1.7837447418440018,57.64404773060667,1,4.068657762786897,79.03710765206323
62,2.8994432224172715,99.20417345996475,7.07501589262199,0.5524019164948526,52.61911337714762,0,9.979050369381932,82.05905449643934
63,6.801162564063505,88.41367069322591,8.838421703397037,3.5942675229022893,85.92180183148244,0,3.3719633154710005,100.0
64,3.497273286855125,70.8883391083667,6.755439265581749,3.7418926697415964,55.1815804552152,0,3.512174236968427,79.4002727929257
65,2.9665415678116656,71.06785011385351,4.31173946532561,3.891028920712129,91.9337429903322,1,9.376050300061586,81.76327894900815
66,4.798872582107739,86.87911507944457,8.717669196304199,1.6044121671452478,46.170555529448606,0,1.221799641726904,83.16675932384275
67,1.9864695748233385,61.938857288415115,5.208182692815846,0.0906641052868502,47.557311782761495,1,7.270200890858772,66.3666710891115
68,6.615378865278277,55.52370565656973,5.551725009328233,5.790092216726832,98.74909330603694,1,7.527937516622903,94.95506156065925
69,1.5218545057583959,67.73110788203883,4.988238120593776,1.505358274146615,80.43033389620028,0,8.527407196693595,65.10749092669091
70,7.908208556203621,64.36194958270409,5.9812903892289855,4.056157728315285,90.81323346573717,1,9.769953795746279,100.0
71,6.405713385076602,64.81540602279951,8.54050903413181,4.239779219272258,59.45976264109108,1,9.780417272409872,93.66590868668224
72,2.391009770739207,61.680387552495496,7.1163151570236245,3.6600445024769144,80.58902497123626,0,1.587490818098175,75.4207557607298
73,1.0386548198652168,52.104659481818096,5.229287644904275,1.8774443652818893,75.65450963851583,1,8.396553904776123,64.02350917785503
74,6.708229999183839,50.89369673667069,9.266980468912244,1.6265775225843946,76.18900720737682,0,6.816789402916432,100.0
75,5.94800140693332,99.38611948680158,9.277491129709176,3.5860096962162187,80.9519475722633,1,6.826079209357821,100.0
76,6.103050176286911,71.38865668679311,9.22347055027604,5.196573801670149,74.52155038774592,1,2.155149339532253,94.1908492348543
77,6.39889242680162,69.21633235798409,5.432777268289236,5.680402373540374,65.74374215815996,0,6.85168449801088,82.32457191826614
78,1.5183125621386324,83.9823641346535,6.707436065085929,0.6354348264225458,56.55536166283281,0,9.84234322541123,75.86111125899897
79,3.509260099809908,60.912694393253204,9.90993793684525,0.9289716755863191,86.11487985479212,1,9.206367125855023,100.0
80,1.811083416675908,97.49805919751127,8.632074857859942,5.668417552698478,53.57634580019117,1,4.952175947243655,79.17962825101189
81,7.041723981129155,89.3172507207776,4.163004527353359,4.419211370008755,81.54125836926485,0,1.359531759574849,100.0
82,5.363086887792905,54.47055011561297,4.391227547562952,5.297962948978638,53.999969358959596,1,4.260641410001844,66.09917694205399
83,3.3162861739685443,70.87903878924642,6.783588260873996,1.215795804812059,77.51981019726723,1,8.437512804404996,82.90290371596424
84,1.4449084520021653,93.95591537810824,9.455321235169361,3.5255152266564114,84.82469602774174,1,7.313491913186494,93.31278281376173
85,3.1768762520096354,97.2366011145705,7.232210787716285,4.206837566504841,53.122833334392354,1,5.134092900345608,80.12991681157915
86,3.2762832541872293,73.37007556249348,6.986875048205741,4.080671312681836,43.5965980516785,0,1.4959138164294798,59.374634131901956
87,6.107243248366449,80.67056946053539,4.632842199739784,2.4489101452001885,47.858424579650446,0,4.842052550409724,77.27520265361086
88,5.462902299486492,58.35169730460376,7.940680628345764,0.09236935014785086,76.35981803626153,0,5.221224457460951,95.27642264752326
89,7.210489198034286,99.55843130684883,8.932618963601353,3.4975563408255788,90.96678437354413,0,9.356999796047223,100.0
90,4.305504476133645,61.58358506917217,6.2825200450453735,1.5186092350776526,42.699809274125464,0,6.769774932239435,69.85556356674459
91,1.837159721568112,97.13658870675629,8.653671105551965,2.7015254768573422,84.04907554249877,0,3.80487624989184,93.22403091605385
92,5.992713510560965,82.48233244961843,9.786859923404869,5.745486090502904,60.47911875700313,1,5.727864380056492,90.37556057033605
93,6.325495340318282,80.38683974394296,5.2225987547661346,2.3942119058546085,68.71170219517136,0,1.5944977703994407,88.05826089954783
94,4.9289403829864735,75.63442555082543,7.139977787168448,5.03880963998656,95.73157299073394,1,9.75311412084763,93.99885981694817
95,6.396770259681927,61.53349058588793,5.722827748507453,1.1312436344955068,59.91829028415073,1,4.240539117376534,95.67893859776657
96,4.456569174550735,58.82640160027542,8.757126514203037,4.034762988150173,67.92021603636917,1,5.3008061942182225,83.96366556574743
97,4.659129805673958,61.02431045350877,7.465560195286945,5.862041726633661,40.82094488564087,0,4.197555768132304,62.36807732321804
98,3.9927871285098475,59.32191310721272,7.807494505301823,0.6113586052376208,44.8959232002903,1,7.142605571045801,69.26967474183327
99,1.1779338872086664,88.97922367833766,8.787484957695364,0.04991965336315207,55.51549546808704,0,6.960089424966338,91.34163033336438
100,1.7552399889531312,67.5062629583365,6.375822835974729,2.601496755795686,41.671134449264464,1,7.43790079476222,54.59116644508717
101,1.2200042998071399,52.89213382816982,9.490540410442259,0.5557528983082032,77.88251956289506,1,3.4132890665072875,78.69212897451888
102,5.454872878846463,98.45513150704056,7.1981732034768395,4.490306098057388,65.58390140809735,0,3.841016330476594,93.88805311284459
103,3.2004918675342866,94.18929424817128,4.947728937012088,5.487291983091353,72.88871216368132,1,2.1272610798658715,85.16869655453772
104,4.559994838152919,96.38761415976064,8.175394709012814,2.6041258362525532,50.47883115377977,1,6.899589746615013,92.62994011715497
105,7.352965317482651,99.74539113232177,8.759568102629526,1.5522698529326457,57.75592176619696,1,1.358174146020873,100.0
106,2.7450456040421245,58.69476246097437,5.90057006240516,2.606419914039659,79.82946849116351,1,6.379141019711131,81.92564393109696
107,3.8726804612494083,69.81210094513294,9.143075541992518,4.340686907100006,97.91816341782399,0,8.827262963664705,91.8884005609512
108,6.288857969801341,87.91192378520456,9.4368595285946,0.05432496948222587,43.025006416132555,1,9.0174893346067,93.54901820018995
109,2.6015871584413572,84.8010309026896,5.661426924266854,3.5367239369081833,93.42305925131596,1,5.041339843329655,93.11511733597116
110,1.538859368801551,57.69479531699275,9.901128836291331,3.6797501093242744,74.61287207867251,0,5.133733193917664,85.39407482576566
111,3.028260170396376,90.79165624953089,4.84426916829255,3.826129481375613,73.83517400533742,1,1.6927226470721561,76.22844128151368
112,2.128549010778031,61.22202859183304,5.21209401041494,1.4521324798852633,70.01671211246563,1,7.036885228987321,79.14803250402296
113,7.507883566398012,61.19088074113115,5.105349035428157,4.28431634026876,44.163645154251,1,8.39133478335561,78.15441647324215
114,6.656842656950919,76.84872114467068,9.363938260047222,0.5483489179906584,45.39261110416964,1,3.2018954914424174,97.47279834254556
115,5.433826295572964,79.64699674208515,7.925755313949772,1.1956220188008049,76.05472033954516,0,4.791707934700282,97.20486839120866
116,7.1002241313140235,79.00431039189056,4.9126256993336375,5.264820279926892,60.4575142861335,1,8.549554030887432,83.04680461403532
117,6.625704538293801,54.574341869887746,6.641940510210094,4.432338904359398,95.03608399466084,0,8.894084208960592,100.0
118,2.305990412202251,93.87304313151901,7.691788150418812,0.08247332406807151,64.39543224156833,1,3.1886198223780333,91.1156121593125
119,7.247912989429844,63.2800021294353,4.5007845099363,1.4902575622188012,48.59688752215847,1,5.955135710872278,86.9005638628722
120,4.775395693409555,56.47574606414021,9.294498210444033,1.2864388979589874,82.88313001012216,1,2.7324383557224436,97.07868649499777
121,6.652081086148438,94.43740399344887,8.82162121264921,1.6248379682218355,57.60120528646059,0,1.916908877256009,95.94702354222512
122,7.2726390994644525,97.78257491148767,7.03124064145983,1.4853586216793184,71.52821844135359,1,9.200084512527617,100.0
123,3.2260243248030473,93.10638086327253,9.802759691555023,0.37515777445707443,81.8699671303102,1,8.384567538088984,100.0
124,1.7703634716937373,90.4758037362439,6.506565875650598,2.753643099580922,94.01584667212423,0,7.840314116228565,92.23423285785998
125,2.595546137793592,82.7620990319511,9.904661914218988,4.396400848716991,87.53147168810057,0,1.4388968693182638,87.36235949585267
126,3.9897545203837943,77.54286853045696,8.007519992821763,3.6403903483046185,80.58166407236345,0,8.593559134392317,87.37429677355746
127,6.726103361457452,54.34933799557051,7.808027639523649,4.037230011588479,80.77799094370862,0,4.942396683148454,90.82462651826265
128,7.0251140827944045,70.42266065353493,4.9957293717747095,0.4868950712174349,96.7554786419252,1,4.081556109662737,100.0
129,1.0486649137183348,68.6344258506157,9.291566549827863,5.708944261060723,57.74944584979217,1,5.9182872492283884,62.59101505999311
130,4.57523111804296,62.98768918801631,6.564938127523691,5.030951003058149,40.06672565177124,1,1.8221791845120023,60.14489202089075
131,3.921877022041453,86.17100568442925,4.973400434694876,4.8305419109739764,56.317273563891916,1,7.80981894417159,73.33603951892965
132,2.5547546732951116,74.79378675393855,4.0756451198545545,4.937902830250605,53.07348277760464,0,6.241915691994663,56.24484461084972
133,1.8390575713357795,54.0523107953824,7.358534101830296,5.596263048796568,79.7100751068399,1,2.6793108718585077,64.61461010350976
134,3.363306199825396,61.009160097490565,7.164397732736058,3.265523796682186,78.02269598593173,1,2.6940897979214102,93.31078174481085
135,7.600367927387634,84.16293818297979,8.316121734214951,1.2016921072057554,75.60768296228343,1,2.658237864154068,100.0
136,3.262420524145287,53.80654297451501,9.341548318106813,3.700701647115247,40.97460659256722,1,1.5130214879674058,61.91589534316008
137,4.631534352203563,92.56034570243844,4.476439507858177,4.457288962007634,83.72668326703885,0,6.290186044345163,91.78663530903816
138,5.921132712266245,74.75732635069872,8.388978942042174,4.427504360124153,59.411824749129494,1,8.563133598296574,91.04166792184394
139,3.545407216655058,74.0293288663324,5.124471664585493,3.1286941450012806,79.90335934039786,1,1.1574839258864973,90.85343858225532
140,7.8024745790467245,79.62038923297588,9.149062318942985,0.41075231600146833,73.3947057101292,1,1.441041804741462,100.0
141,7.737131064594779,91.23404829625746,8.914381083169935,2.2266776305807667,60.56385552567443,0,6.154932490182512,100.0
142,2.762476070777549,67.39046039510966,7.244762529913267,5.524599650780144,48.07457602624646,0,8.375461168474471,58.767429477387964
143,4.480739541246698,83.90080762795318,8.26145679173987,3.5066934585445564,45.66513385962886,1,3.9406500151177024,73.509328758007
144,3.1061481687173877,78.28659819978955,5.886100679102491,3.2299916595342806,89.89109998673342,1,4.1465295892695,94.40401879364917
145,2.993883460642273,63.35141350847107,6.827007393596888,1.613121086293161,95.10385252489348,1,6.367118477470983,99.22100943592332
146,1.2582086314817296,93.9314993177579,8.92982138626283,2.2106935194994737,78.98728280585797,0,3.467916002117323,100.0
147,5.266950337859278,89.8713010803464,6.755591183039283,5.372076534919016,46.206046891629,1,1.2394752946991572,73.5866563596045
148,4.51875316260203,82.92259173292128,6.1467895919526505,3.9987782851610145,64.12163301329444,1,7.617056662914365,87.80261685849945
149,1.3603512587499256,92.52908645471209,6.965274683501799,4.724322160513998,83.73635200630943,1,6.630849216473078,82.86336688183299
150,2.95052524965628,93.36471004799012,8.969495514623311,2.726072538405931,86.78925304060408,0,6.226803991500932,100.0
151,7.357861201766576,85.41814883575174,6.011248284225236,3.7814833167369475,47.093117337465316,1,7.675157160926408,80.60127196371329
152,2.676933234668807,91.85066641818361,5.042569558814463,1.4903016524592452,40.001843130722946,1,7.0770775380583375,62.79969218993901
153,2.0142641046385616,84.87357308346418,8.272084121984685,4.232764981700917,82.7282227528363,0,2.8529378936048904,81.19888637559723
154,4.426169321942941,84.00703858801502,8.95586927624849,2.565608002220024,61.395770559172334,0,4.17232942249016,88.0628209212698
155,7.899553178774205,80.93056891075922,4.6038248711411995,2.6552730888884737,55.268879897095616,1,2.134991275107625,88.5311571131303
156,2.694386900580503,87.63583197788206,5.439244676535669,3.89593394746129,40.77384818737153,0,2.168713120760929,65.7850814408189
157,5.70494883184115,57.93025526465368,4.851831938565963,5.61768372881356,72.41796440568999,1,7.085761717208853,85.81946548480687
158,6.331337307301023,94.04353795994642,6.087648469493,0.38403807965172554,91.0690441255589,0,8.727400962842484,100.0
159,2.6634628079467975,93.5921763872616,6.702105873432476,4.948459424082046,97.45789877635528,0,9.664593254750251,100.0
160,6.0975144402830175,51.462364151727954,8.492958021779838,1.7542986624731587,73.94469703679735,1,6.655124057945,96.23471672217579
161,3.5744819290347727,91.29083752823814,7.906885509290045,2.663516727038267,70.86767966439365,1,2.6569119102486125,85.8530311831292
162,5.4261408141550564,56.44349337367226,7.725571404870587,0.13147997265005373,45.10338312935447,1,1.9508531090403762,86.26010825185693
163,5.434707975326263,66.7559427129571,6.114249679657926,1.8062764670058782,72.93236809255598,0,8.31565874383082,84.72510224224722
164,4.750422788523309,87.1754128145804,9.04868531850856,3.015787455780783,62.79874473792368,1,6.208808287239993,97.679469319203
165,1.6320283903808581,58.03799480241541,6.827723004388988,0.3370564640846341,76.42811685301461,1,6.564565189123479,86.17210282418192
166,6.847117469124666,90.8983512059531,9.874629628090927,2.946574376298991,63.3235808725928,1,8.033158798792384,100.0
167,3.245460454802151,91.6067088978871,7.804852829774421,5.562663773150564,54.417947407022005,1,7.329495049592064,70.4577441260855
168,2.3056295727989795,75.37338668804182,4.757588449387017,0.6323593086468313,45.69791651370259,1,8.51012427570487,61.65906965771459
169,1.2854259908833474,50.31929358584168,8.057065372452604,4.586644368453026,58.89510667533374,0,1.5059251491389063,65.5329319036041
170,5.136250602317693,64.35190665874563,5.950624092590194,2.458026320255956,45.798690057265134,1,7.727685730718544,73.1185147121094
171,5.742950532895977,80.84634591878711,8.117963180116584,3.9310422871460284,50.613817049439035,1,8.657674815898858,86.26984503616451
172,1.1161148024949932,99.05930890137117,4.4178468889744344,1.5614195879113761,99.24016951477276,0,3.575215382124829,94.09002311467755
173,4.584651408094967,81.59067635083342,5.049288623055756,0.9569535752481497,66.64621341439712,1,6.764025465939276,91.28367643846936
174,2.585470426385566,62.99017905320799,9.134423553434718,0.9627756856273586,71.912305990301,1,3.827458574532749,86.41377105701085
175,5.516209532866149,81.70028515498056,5.363077342141089,0.4229516738588679,92.41711172423292,1,9.621739598342087,100.0
176,2.22056500303494,76.99926898579278,9.02224675145764,1.1138802294074581,99.73413402944126,1,1.300812151919534,99.65943865274053
177,5.836564166717261,88.99226975755718,5.675656530726463,3.9853163099338094,74.96286696068088,1,6.218135594496595,100.0
178,3.707147424103762,55.34903194134792,7.857291460352246,5.290143671061048,88.74842926265029,0,2.498531923445636,86.35472897959646
179,7.557109921157141,88.05139512510141,8.164903441058986,4.884754113546971,59.61646146020051,0,7.4099818465944285,94.16826466096782
180,1.9626466090219528,77.06332893380551,7.075928518870318,4.110805859246905,58.34463744683747,0,2.583012550767959,73.53811365348417
181,3.3874644573518093,98.14960019294973,5.831864060180388,0.662591180466616,64.16222325967361,1,3.1184493570852183,88.1005202911409
182,1.7943146486841235,67.0936083019343,5.275866258226577,1.735124677775699,80.35043576041895,0,5.449337299411823,71.1712935936439
183,7.472855327949939,81.6310946566974,4.199136127374557,1.8588412519348139,80.93150135530593,1,9.233514549971902,99.66165726879211
184,7.1413754736668675,96.60140527550087,5.823678407444342,1.4997416783857274,58.91436607896705,1,2.9054293493317376,94.50714663256251
185,2.8055913940060893,55.12548639953396,7.918976743187698,3.0900339582583385,47.99259544819772,1,2.298160190062932,64.59716168595287
186,5.6198883222392535,96.86142436182256,9.629828910690897,3.2133228892780354,77.94377538793051,0,7.830791486686276,100.0
187,6.720555401408511,84.39428611504067,9.227226893578312,2.141315851026661,47.69955173132587,0,5.505575791005379,87.26728741127326
188,4.886405681196236,53.39185295525859,8.596388659211815,2.1227349524186163,74.7095504937598,0,9.206066011435942,87.86900755312864
189,4.707554048492046,65.04817834734081,8.730684059519792,4.971333587436488,81.60532768337853,1,2.3195310144385806,88.86825454960747
190,2.6929660363031616,85.40860443226407,7.989909420855971,4.735757089918113,82.0366897836671,0,6.813351037207354,84.987428367203
191,1.6517193746412944,53.36753007343859,5.561721145396018,1.8467749900844739,85.2083266395758,1,3.0959123153663355,69.02437358612372
192,7.280510305673287,79.10852300881366,9.44317018423498,5.482730663239556,92.37156529393988,0,2.4108438578647537,100.0
193,7.302926400143313,67.29415284764784,8.024393871435004,5.716890102015036,69.9975395178873,0,7.150864736415435,90.9036469046339
194,5.4317102009128755,81.04577588837385,7.362643785882639,1.960455252180245,83.81495137177427,1,6.343161579178599,100.0
195,3.3732085373409046,52.28710169062564,4.665936815280887,2.126549692758329,77.1503641219502,1,7.793447125260981,78.01260037522755
196,3.4444670222886264,93.57684030761882,6.682333262838553,3.033804920531753,51.19839638786095,0,3.785163188015641,70.27211689548987
197,6.081689752091676,98.67444845886985,6.762149627211558,5.646724875202041,41.54137869216449,0,5.03174490743971,85.17498605394768
198,7.279771819668039,98.44389276428458,9.187381657136019,5.257916598853869,57.07248314061603,0,4.6492450869737665,98.72790029536675
199,7.209604969855821,87.48259158714623,7.279889321126731,0.6154077755015388,66.58202238025717,1,9.856805175698629,100.0
200,6.459128821003367,56.5043120065316,6.282403293822458,2.3563844596284973,77.02635666571938,1,3.630240610654491,93.28530535010911
201,5.494221523080014,87.91315979645113,9.860801971063957,3.3202271384986313,90.99755983019233,0,3.653355145120902,100.0
202,1.588979754965342,51.229345822940076,4.664323559957894,3.01879483530924,51.77474300236994,0,4.190933879457466,53.50156083362391
203,2.131400998662296,51.106177576449866,6.535290569871668,1.163178407621356,47.53298739390863,1,6.081346731612894,64.32770667249267
204,7.289879319689555,66.18051095747705,4.252148051028431,5.152900627008928,97.80879684845965,0,3.270904698373707,89.95853569504686
205,5.24500341761713,74.43215952023328,8.439424724601583,4.061644697981024,46.482673562584424,1,9.237609463413465,77.64357652333187
206,1.0643793613164076,88.52037089038966,9.508459313194905,5.027450249110822,68.70946420643135,1,3.3911700837963714,78.36936921630384
207,1.7103008000622246,84.16476883032526,5.680223977302937,5.152585676096833,75.13382372759811,1,9.062341584041752,77.56996818207755
208,5.644512383756391,72.29513531883742,9.150050060794726,4.490135121994438,72.4824652544463,1,1.9312755728192619,100.0
209,1.0354310869235308,63.68133331408329,5.753309382771387,2.6352636074983042,45.161929421976595,1,6.909064321596871,52.522108334218814
210,2.1256563599224907,99.85622500788556,9.46462096986349,3.663280530092547,43.42161484021716,1,9.162869665944193,74.11481227266316
211,4.841136525566103,71.30906511179865,8.523771421580705,0.9621924367184589,46.32900564766214,0,2.518744945584066,76.96335209448605
212,5.843266383848853,72.56935121648377,8.829440661048633,4.041872504849446,75.13526103235675,1,9.714942640893295,93.29993603081931
213,5.5637288165182035,58.181191059583455,4.108039333602727,1.0755195344356845,72.66069325805927,1,5.075950243739605,83.90648610296809
214,2.5698851662239184,89.74047743749647,9.776862142444156,4.163697543060941,54.02444752220465,0,9.51143597596922,81.3760967274837
215,5.985254549432751,84.68411128907442,8.360025952421939,1.377588964523812,78.2664485107355,1,7.091380392670423,100.0
216,2.6607436124776003,61.03848063943802,5.8285065723168,0.7053078009013198,89.20405012333896,0,3.7142818288619637,86.29466712245744
217,3.277797887114874,54.11905228079213,8.976367989153083,0.9917069408577446,42.49473759079562,1,2.6947227242539578,61.54994044502282
218,6.225439835826169,84.02496510373565,5.68912719048958,0.011952811314421607,69.88779661288254,0,3.7336154160258945,93.60678236266315
219,5.547430293330502,82.72556071405677,9.236523037396768,4.312437707121181,81.35862472616142,0,1.837156683364075,98.04364476364158
220,6.944563873459246,63.662976349910466,4.675482342471622,4.394406294350275,55.13871562418122,1,2.294811697089968,88.58015981888889
221,5.603290246102404,97.54317811252051,8.222115864764774,3.089600099479557,58.46625431758895,1,1.9419439631183302,94.34506163350702
222,4.9781602233483015,57.55289458904501,7.244190859869462,0.9681768063323022,76.81827417936303,1,4.8064918936740195,80.61754550277409
223,1.6557233747966473,71.6167400521301,4.579206821172645,0.5013260250641385,93.8761176066242,1,8.160205386318278,76.45795438858055
224,3.5740106214160345,97.18079600837994,5.451362969553034,0.11477379862372206,88.59546521817396,0,2.2724519879470617,98.64872707016899
225,2.856416573772078,70.98636584630611,4.074424217663889,0.9944890617913242,74.98781314597501,0,2.172883898551023,79.94145174355799
226,2.7079275036535853,81.92629738320429,6.812607792787035,5.34513320989888,83.81330306543495,0,6.790860545655977,84.80104582115511
227,7.811073883267119,69.87971989813971,5.807591564560003,1.4492210502100906,61.88934821246792,1,2.7746468377125963,96.43208769155419
228,3.751684072667323,63.7107601174335,7.590144905786553,2.1256279633032937,78.45793168592547,0,1.8784903429809243,91.15207602300858
229,7.244325886239793,99.19888239799141,5.783426846251703,0.6320729068879991,67.97089546765342,1,2.5016372038501986,100.0
230,5.41797038198084,70.46670031575215,5.799514669041908,1.3341678284890217,51.396168187453654,1,9.313582562890986,85.58230609186025
231,6.563679124791539,94.70496018395673,8.45915919238962,3.1153474246812305,82.10429643263544,0,8.393241274985717,99.80357559329619
232,4.518459651736345,61.49773029455431,4.2888570158701205,3.6465160985739153,73.38787824092933,1,4.186581061195847,74.80029753496537
233,5.038327192384513,60.655235201254165,9.417369971151924,1.4721138849972664,61.51729491721548,0,6.9023869059465355,76.69988892867092
234,4.447623856732047,51.55670414422557,9.113583246347089,0.34639295535070325,94.68035140471784,1,5.835481063012343,99.93103292887393
235,2.3667009145863114,82.58334126879424,8.00682809935844,2.346197214764392,41.256047069603994,0,7.094118371343075,67.1328838640241
236,6.057164806830537,68.42631718618806,7.559329420644306,1.4052202255580049,58.94638907496976,1,7.1440403721648345,90.81108488474764
237,2.9654065370859906,93.21791249198185,9.353814988837915,1.3173235393788116,43.412883866658795,0,6.658606135539936,78.57450326231121
238,1.1702117650201769,73.66049533457786,5.1119810771722864,5.759176816280732,85.99163897329763,0,3.3949123168357773,66.7222454229677
239,5.518306071350175,98.40967139573608,4.473814973144972,3.6978029155543446,82.12644724682755,1,1.351057786865363,98.10907067842764
240,2.239774755849343,59.27627578515606,5.437061019457229,3.3412706590325754,59.88113312417902,1,5.10010103791098,58.057531028370555
241,7.5832100904704,93.43115839778054,8.767469672201141,2.4946506211399315,80.53977413242438,0,9.018764962216334,100.0
242,7.677500039018112,88.82984263958708,4.2080216003589,2.5736660005808654,63.756233571756994,1,6.125475326667183,95.27448356918354
243,7.40405073154314,88.5460922322026,7.496841010500938,3.2454300230284847,85.37522748534606,1,8.491519375317171,100.0
244,3.591110901788111,92.23916140584438,9.972625097147858,4.178578842216643,67.25101976420237,1,9.924619086651052,100.0
245,1.108196315702072,88.05119954714993,9.134176563025235,4.212876577090976,64.73678366989994,0,2.4725458372444864,68.9543425545711
246,7.498229938114077,81.31101608157077,7.128674134261537,1.0301634462326974,96.08379492929805,0,7.225998752277841,100.0
247,3.9972890382212003,56.56224388411938,4.381845455719854,3.000676512459762,55.05274599344202,1,7.068642163300222,62.265776833248864
248,7.766583733305687,51.6263089745626,8.98824108631426,2.471748570204612,47.22684039979393,1,9.819599026224505,87.09715023431268
249,7.74533983962477,96.04239239078434,7.593871049063264,5.223161797616305,75.07258679556749,0,9.870406605575203,100.0
250,6.971066188271521,80.8325157260369,4.689597982357401,3.7885135273102586,98.15930873705074,1,7.1801075055171655,100.0
251,3.0611422444870997,89.82686454880881,4.563143708940137,3.1950243984958906,62.6703528236312,0,3.1925331278397486,87.72153216201792
252,3.6956841002134766,74.0761175756275,9.457760916619554,0.6923678530735042,43.72220581772689,1,8.187002543175392,68.49648236503063
253,6.9579567006179985,55.86540944811972,8.01520157762847,3.6338273359404685,60.358316038574046,1,1.963262207899343,91.39394775316325
254,3.2184540360939438,56.259289610127524,8.975720795900532,0.7032234340814005,70.3558992591735,1,8.026293737544659,82.0405062348186
255,2.1864492268026474,84.27826436144858,9.273873401693603,2.0232394533945124,49.71538039793282,0,9.191765117302268,71.46777829346314
256,4.897608837208451,71.51529474497313,7.430634112289933,0.8570517888859912,79.48613308338952,0,4.4455005529159175,91.264920214002
257,7.553083419125467,60.02623633501683,7.104678110530248,4.1524418821462135,99.86496334061204,0,6.675717654847724,100.0
258,5.872208576724811,74.57972733707184,6.582564461925941,1.2375126830169156,67.10436855888663,0,4.871284588871436,99.14642085980788
259,4.990428190625555,53.21044685375671,5.901679526746715,2.351156239128156,61.283713403812754,1,4.939885494893156,82.05481485040633
260,1.6802354563953799,79.09857009571994,6.607575765152271,5.374048665712672,64.042250010068,1,3.7933380019730807,70.7416962838539
261,5.305050586894188,63.449670221754886,8.643277934380938,1.2258983003938217,46.908770703712065,0,7.859166584052922,85.9122759465654
262,7.930376950729843,89.87795503185941,7.61154058609079,3.046830383752675,92.99641608557343,1,9.425589077498547,100.0
263,1.9805881066556683,65.51809794617868,9.355139739729076,2.5156299669961317,64.88953933128111,1,9.46675773311015,71.30586034842617
264,4.628307566546157,72.76100745409006,6.660280086275126,0.1087442462743784,63.236464685490475,0,2.5730315638744043,74.22736998732212
265,7.141611503495688,50.58102699540503,7.642537472312524,4.756548681436877,79.58141637582847,1,8.872692846909095,91.18464152237179
266,6.185380324279431,53.62234438972794,7.787845318551932,0.41427543788759835,66.52200525586741,1,7.6368829728440994,92.85199735576604
267,5.879110186966876,69.62467782033424,7.550182973837953,2.8455301258617216,78.89400812847077,0,3.2755366062126035,95.19721180674816
268,5.917388587909765,73.99694173585618,8.215802638513098,3.3640697696336996,43.68677740784725,1,1.605561516293631,82.84423575419459
269,3.516438058538286,80.00102740596519,5.424600810248838,3.770558739687522,88.82340062333364,1,3.4119754019594017,83.6158401232455
270,3.0551429098514538,64.58312893546517,7.074182665274744,4.1317897758472535,96.43023717276415,1,9.20987413103373,94.77708328627615
271,6.665528088349595,84.74909430632712,4.625348816850086,1.5196343011362905,78.92592316956316,0,6.6986080740619505,99.71918600326883
272,6.670793762754265,93.00611985946023,6.3070679658688755,0.05987265995069624,97.27395573152864,0,7.489491948080847,100.0
273,7.069506230060726,88.99254944466749,6.926002411727587,4.340661974129472,49.0859388621978,1,3.314371159981863,80.39596015905275
274,7.392683867895299,51.980941267417855,7.913345557272835,3.2139395960854715,68.64497136882122,1,7.474493400173382,95.05073955062358
275,4.579396792026564,74.02534736289145,9.703186315517222,5.016706219243493,76.10840403672684,1,1.2530935565013137,87.52188049791867
276,4.510614062810397,55.246508920908745,7.6039063992901355,4.928330177404166,74.9041988452712,0,4.377892111957124,77.89720961986703
277,6.588066252767426,62.10225079312637,8.461563497059359,5.0599570067272985,64.08770674534259,0,6.640780136880981,89.03180959888859
278,5.549747515444356,99.33312966335733,7.037596356971217,2.910567959877241,60.28506456197569,0,2.3148690898718822,92.3062700471786
279,5.913768140803923,57.12477714507566,7.804624188257987,2.001770375021194,47.609441353025126,1,8.407032170022411,75.94611929833856
280,6.570548686052708,74.9444076725678,4.42559329680264,4.74934921554822,63.50454703373669,1,3.1152816893072677,85.27631911405454
281,7.230037392722964,80.90778671590596,5.526349485051082,2.7077646781755296,49.759648906329105,1,6.8705300153660165,80.40568541544883
282,3.365966097960751,85.12324852720519,6.171118559230832,1.100653178420607,84.0619405895331,1,4.646774283177967,100.0
283,3.629080668479608,77.98243417434571,6.834960130039081,5.129844117368846,52.529856129675395,1,6.364392359298825,72.12471497760349
284,1.657873578886083,50.48854237095918,4.273892473014302,5.295359260634084,43.51391831707203,0,1.967054973660173,49.73251196172222
285,5.047960986973218,66.3230654121996,4.840144585319906,2.7978585368410207,73.14196826903407,1,1.1522151992944658,82.51059063596784
286,1.2515959165771946,75.88558216923558,5.660885846747835,0.4541983638587248,75.7137839631641,1,9.186079846422711,76.65154450433617
287,4.259186126927221,54.39332495724167,9.829196145406303,2.3269565395015874,92.31478367683033,1,3.426670078904645,94.85915738166753
288,4.798512442953037,67.53134656045904,5.988082042618305,4.821225956775621,74.61889674506091,0,8.37709302502413,85.88809692101887
289,3.005788764897991,51.66015543956833,6.892246348672495,5.410644171277372,60.72885122340674,1,9.994152704249801,63.00699795695239
290,5.135832823983075,53.928924857751035,5.176586276430358,1.220836454985575,88.18071289157923,0,2.9028813219902005,92.55726023150545
291,1.213501749573346,69.8461638100798,7.664680426454609,0.40184167215162914,72.41673359124526,0,3.3865366706502003,74.83055929327527
292,1.261437321244501,56.63578770215302,5.684099293095846,5.264102718797032,44.7568170778715,0,6.9657380887119915,38.0071221430977
293,6.758203924617607,78.3770424130779,5.241955470630561,2.3364296338732515,73.9510336187948,0,9.689037711405591,91.64914138331011
294,3.52133448987884,84.47324845686329,7.099435770675875,3.25056578560538,94.48111272529974,0,9.242329133716694,90.09535065035367
295,1.8894235885631936,90.02933495545415,4.033034794962525,5.808394872304554,63.778757529893234,1,5.525879680590264,68.97886450571553
296,4.655702820383631,60.007512212240506,4.045984195895352,0.3993883674853371,57.779548113988,1,8.155992542740522,70.05568616439092
297,6.389954871690276,58.37412911295349,5.314412854611147,3.8899080447125733,48.608167421081205,0,2.2217126778991094,76.79998107691428
298,2.5107471924779023,55.228392016720015,4.220328175004926,0.44463253544920245,49.08673131612144,0,9.79694365783611,58.47320027805925
299,5.360233330733002,81.82151247718184,4.6481545247841485,2.2528135707990025,65.96628906050913,0,9.679179106323879,83.99964031591722
300,1.597432254956376,85.32378632434506,6.03316389603251,4.82288727116068,75.74078944969177,1,2.4735606209125387,80.96871721623683
301,1.3617720481802538,51.5793072412821,8.815514077478877,2.6008333965338064,44.8369243101761,1,3.6948081232279595,64.88865525073005
302,4.719482420977036,96.81061231218449,7.4322918602158055,5.983094123417702,96.37411534150993,0,1.9013949775609023,100.0
303,4.784445851270746,52.59856418257362,7.076006355738499,3.354355709679613,85.30801704671175,1,3.4454583900836173,85.83583883242208
304,5.462009310487446,77.06481676505352,5.76093293924873,1.926972915815721,75.19743509701976,1,8.34360210473686,85.32775824418896
305,6.082639336058631,85.45302597254582,9.590522316596898,1.3206679554285188,89.70632025633945,0,4.404840464487336,100.0
306,7.830964556237742,93.54845618730428,6.38209024742315,2.1031232057169706,44.8112054087268,0,1.7955727043208254,88.3174322385367
307,4.614102438108367,85.70434660662139,4.522556600774629,2.235199642557305,68.61033266398746,1,4.080029723010141,87.7004810690884
308,3.260695310588722,90.08640415348958,7.702399096706808,0.41228206634376585,77.8055876116998,1,9.83245000817152,95.0321369824595
309,6.566303363380926,66.97250962714031,4.683030360859608,2.217445196560639,89.71917436709735,1,6.667152357332826,100.0
310,2.8958257588345195,90.7412556873256,6.0713388568101525,2.7854311184353495,87.00817360295606,0,4.7454485176554195,87.20938122262763
311,4.072799944939453,54.00574231923376,7.044471632306854,4.336426513432828,56.62415498280398,0,2.49884662147543,68.10409762712968
312,1.5491946693958618,94.74083280302638,9.245335148111055,3.9403769083296476,96.45281017355225,0,9.875591175553254,100.0
313,1.1774552039082025,77.37961880768681,6.9612794820407125,4.252593931374926,47.46075048585222,1,8.387641083368159,63.90687583765884
314,7.738538902745475,90.86488849812469,8.213552596189984,0.05018209126114259,92.50801711726913,1,3.5332957220582744,100.0
315,6.851860843585441,72.615914225915,9.956901033994422,1.3060043974832163,98.25641497627711,0,1.6306182614907052,100.0
316,5.871819442655886,82.17888475982625,4.78893471938789,3.9701057303991387,50.62921139335754,1,1.5096300163980223,76.91210275485237
317,3.8626706108998894,76.32013304680567,5.648389153117117,2.903936209078483,83.32396385222711,0,2.0834033455498044,82.69651201161157
318,2.2130602404959205,86.5794760877666,6.367456453585879,0.03188085401007568,42.417131126679905,1,6.226917252529795,69.01670664889576
319,2.095059298697602,54.08149910152948,6.530969071232988,4.826967854590934,64.3253695083493,0,9.358870790849432,66.36718723372505
320,2.7517002871521674,53.01760419952819,6.466126451593275,4.636857439742024,70.97699795186044,1,5.470690852053861,70.26810677150952
321,4.844586652942843,62.355161700507324,9.445666015339329,3.290514977961376,74.83871355457805,1,8.586509342105774,85.71094611604302
322,6.0021714589004365,57.97723400565942,8.284195866801138,0.3987799546576327,96.15623489491357,0,5.01297957873827,100.0
323,5.621381637024119,93.58917832961009,7.647431284544222,4.599090297195508,80.33504123765168,0,7.377251911910427,100.0
324,2.9595372786215997,60.960699367902215,5.856236307176692,3.5022815263881837,68.87667707315421,0,7.586854635578508,63.98903078363943
325,7.684056964642359,98.79326279095656,8.94274230532777,4.691759862947755,88.58050217595336,0,2.5656733531300477,100.0
326,6.16527841687038,66.84478958855534,9.730363068909934,4.5104819543750425,97.03196925726454,0,4.250944530782306,100.0
327,4.880478367579805,59.10589578443496,8.927189695301358,4.8180124317470225,41.32396892093745,1,6.735719408842215,80.0659878755875
328,5.282045223640465,89.48492535712396,4.009390631148838,3.1080483984277487,98.95127633536232,0,1.6362694736592958,95.26544304274191
329,3.9372004369945293,82.9353887750438,7.818408221100443,0.84194710916109,45.16792834382082,0,4.253861689866609,82.46748192764066
330,2.7341169265081025,74.90978582265694,4.306812288652605,4.026944840278132,88.86320675612568,0,5.8131951965307325,87.41164628264205
331,3.491808750558831,77.76817754688156,5.545643322002331,3.7228427103118236,56.82008515308475,0,9.966020437401749,68.07148189600623
332,6.304922773250584,85.96008891361319,4.357148202086631,4.453519123194523,47.930779465232305,0,5.270802063601966,75.61955712478274
333,1.100754420408291,61.422737066564935,7.622772717696327,1.0192860363044118,66.3913383828301,1,8.344510814028911,67.56057813708486
334,1.8125084835484135,99.8166958028371,8.119539480955641,1.1698511994017353,78.63739476685681,0,4.88860556559956,89.98073651588035
335,1.3220184941522692,98.73965810733915,4.686925828395431,5.3424571033159705,62.8571107014085,0,8.16751650357738,67.51574288961733
336,1.285101616232791,82.51628431734684,6.303033298269877,4.499866790712424,43.27392449696194,0,6.358733214580976,60.686770409499154
337,6.98822408807705,59.97712254645725,6.737419053733252,5.449370932201937,75.96766837952299,1,8.979358973521585,97.6815663702727
338,5.925605015660166,84.01141212156458,6.214318130565499,4.552291926983524,94.14419656664049,1,4.698482971150989,100.0
339,4.319216803611276,53.60992044895879,4.726150002911158,3.582931835941811,62.992921956835104,0,6.43873977839331,59.097581258329924
340,1.6848391245570102,51.532625110290304,6.513686741124852,3.9247964221672422,52.97996665784962,0,6.670168125569447,55.72308231285757
341,4.441311125817826,62.884144425560685,8.507068286850508,5.3347675436400595,66.55464075596892,1,4.7564464762042595,83.3874811170081
342,4.31430239546396,73.13114783696582,4.426045987199533,3.472840527071643,42.90176266292685,1,2.2988083931873335,68.53735488662582
343,2.212413089370106,93.41362527041903,4.4810800844914205,3.7943479459703244,89.22925506881649,1,1.84203466221102,86.1256394854965
344,4.036961544665811,86.3584534883154,6.128627751015905,0.9388602960216035,89.5804486570112,0,1.150043955396698,98.31833210998253
345,3.789533140781614,87.13532605999904,9.65035426971355,2.8435273206966163,75.2800278057777,0,8.86180837820693,100.0
346,5.310950686365516,71.27466672240377,8.011435880337483,4.298382671748594,61.18617333630337,1,3.128274210148251,87.7032580281995
347,5.445655556073507,67.29674962734815,8.072019740035389,1.6256561898981925,87.987001866747,0,2.9035607435359125,97.80386111608003
348,1.3171280684043116,68.55193814923014,6.17151994502719,1.2135250831472095,73.28122148730203,1,7.62431860383459,73.4964676418909
349,3.6222883023852983,99.3824781868029,7.56196474725123,1.8829608493464933,89.55593851300097,1,3.8801450177865258,100.0
350,5.381019409999655,52.005459570624126,4.06078710416646,1.4490037679570007,77.88752755498123,1,5.554402231706529,93.20124765422709
351,4.521953810060614,93.35157480612243,7.816576278457253,1.289475822218375,87.06432839276783,0,2.4625995876771065,100.0
352,6.995428888318256,78.93377042861967,9.47972168545742,2.5491050572085214,75.9137795930656,1,9.637711493157724,100.0
353,5.610855421332615,71.93077095947953,7.675440810068915,5.447031083301205,64.84846409293998,1,8.664232600155136,84.2156521601488
354,2.140540989570008,86.26288302075682,9.24219156079807,3.0423578804323097,97.47675159556826,0,8.774106606685029,100.0
355,1.493981231803009,74.33344707123514,8.343838332796562,1.1275222848919382,72.46682949273068,1,4.660963737148046,92.30495330692652
356,5.49693494744421,93.67116190408302,4.723350498422142,0.46183001628524445,76.30537111243231,0,7.8612509233645556,99.24879513679126
357,1.1855791737913526,95.03509320056293,9.414719843715051,4.176936870827552,53.229258364884956,1,2.2948853985080215,75.84537273789267
358,5.100429068914243,71.08604634367276,4.398663066134649,2.296792586618327,77.53904736563659,0,1.0775710233260225,86.03310527979006
359,7.581611689974703,63.841389861752575,7.203804835286583,4.930985679512156,74.29645896897662,1,1.1797563932022532,84.71669041028909
360,5.0283192451311525,79.61751642966811,4.852822742760746,3.957064611844621,51.090303876821494,1,6.279415636641044,80.03948673701444
361,3.7171894834456536,95.61816728083454,4.070239664385424,4.777448703248211,43.575225841188626,1,5.098554147231467,69.98695939250504
362,5.503017529096472,60.53310945028333,6.532205560765834,1.6316762365106925,76.26155918288626,1,5.662138140176678,94.06138956298328
363,4.207770233440616,81.14832917817414,5.770244245924937,4.1541535347663485,85.82153616101922,1,1.0671682637549746,88.83829498700614
364,4.819317525211544,81.57801100462603,6.916002962785618,1.5843719081623127,71.40408225532049,0,4.804179576916831,88.98587819833655
365,7.590253661435677,86.65565112076405,7.463199320407305,5.634410876701749,53.606357519178744,0,7.462613450807748,87.5805463848074
366,3.70271846460542,56.57838425636299,4.262434433853684,3.8182456892002463,79.9913186015821,1,4.984243317706923,82.68566369039381
367,7.7283339467674,85.79124823410443,4.738019770742474,1.9470708010520525,44.806343596576134,1,7.58997285681,86.71551621248041
368,7.337454493692446,95.45162603328205,7.351854378702552,1.6170711737536358,66.51002228811728,1,3.097170679571513,100.0
369,2.370537943525075,58.984155443512094,6.059004119035949,1.145559510429861,49.80200550390521,0,8.318278040335528,64.63238222660883
370,1.4855291061261582,61.87716624619388,8.375040925296688,4.167845753362367,51.067543063593,0,6.295881164081071,54.15893775073046
371,1.7054460096419866,98.56975470208198,7.913749891551638,1.3122936779875638,52.13763694949222,1,2.896867894869156,78.6778567238008
372,1.127552779560848,59.04884763547449,9.073626177939442,3.5718195955649343,63.202423422638674,0,3.1304842826844963,63.35722447195448
373,1.6611007252914987,92.71925466847895,8.154956960015351,1.587810161552144,43.06901233722386,1,6.652274181125834,61.95097179892397
374,5.781047413914498,74.61389282240174,6.579586464340888,3.9718136687632115,63.86760645574589,1,8.46945633891199,95.64096785635736
375,1.498320539221603,62.36155372015885,8.037799734366594,4.889638371243235,70.70244682688205,1,4.740650038262396,75.30982630934345
376,3.2328294120563292,93.53749506362557,5.652287045532511,4.668151458867919,68.99765709797951,0,3.32470386214833,82.45977820856244
377,6.914127176786182,72.26526275013327,5.837880992669276,4.5651079855846906,62.96704602418244,1,8.803104462195403,89.47472885273598
378,1.162903550150781,75.74086769648451,8.73391095952476,1.1263344341535124,90.34879648424516,1,7.023414625757514,84.41650517602811
379,6.701279378122551,67.96166846998828,6.678517098409493,0.5303096819071123,48.71960154523025,1,5.032769385547689,84.69690280228293
380,2.9729834234137993,79.64754257174637,8.790282043110114,4.193692970924314,70.34180462688244,0,5.391101757513717,86.45602728237415
381,1.8271537933515938,58.17619362925114,8.93453424200967,2.210083282766108,43.72248501739326,0,2.8383082114275675,55.92055918183602
382,5.877160157549055,69.55407683258804,9.145374025967703,2.594077358420084,44.269340732674586,0,6.641223670583596,68.25031947936114
383,5.402599927459188,98.47061611676438,9.499811415047244,0.1868945567603464,74.43195098062577,1,4.228682594885997,100.0
384,7.14230409468937,62.90667163505638,6.5859113230797774,1.5574586956502952,73.96110549326926,0,9.960806590069144,94.54861744845545
385,6.145497306627201,82.8368332270646,5.913200909926833,0.20205842324678414,92.68201077066742,1,5.32165163735699,100.0
386,6.62436651269394,66.25950321123474,7.493192479564684,5.275114635607486,73.4724205396044,0,5.372970455706518,93.8278335072392
387,2.9742420079991456,88.67365628433004,6.227034540625765,1.4603800993111828,97.58746122429102,1,6.092666086696047,100.0
388,2.24207680645806,56.54368303591749,7.606445000801398,3.3440230174380483,42.92169090399579,0,9.250804028068721,58.882962090270716
389,6.254303261486008,98.49105225392724,8.233515175862948,0.23387592396678247,45.88046108684446,1,8.207362898737752,100.0
390,6.647843174870848,72.68947706918196,8.13043011095282,4.001084347833949,42.643951694222885,0,5.060170628180573,72.38457646343758
391,7.933535994004713,61.8025231673232,6.247317322120728,1.9381640745245632,51.1166110200124,0,7.468293393755164,87.94350404106358
392,3.8883237383799854,53.67483736650063,5.001161210192517,5.387515121745995,72.4762066565007,0,6.276119489026855,72.94759104617123
393,3.604126600549482,58.48789525437704,6.583176030773245,5.328709133604215,78.73433088564568,1,5.43130343831124,73.30551735207284
394,6.434890725193978,75.98869742780089,4.855564864491452,1.9517437101704866,42.73510947692013,0,2.7308419550591547,69.17288798789147
395,3.385624781771125,66.85015882156432,9.34058221110285,5.405765374142807,96.75825339073596,0,5.1754263710940185,88.81947919753527
396,7.515301279224953,91.44416829413046,6.0752647644271445,5.976946040992673,90.52992259902285,0,3.2123672832031716,100.0
397,7.008889262901082,71.5443761830903,4.926758483339943,4.952493984743688,57.79674892942559,0,9.233579348664891,84.5891176783207
398,4.002958191625129,62.435713629381496,4.152686559434505,5.069228086531374,44.63125181358808,1,4.018661321467123,57.68700983272548
399,6.256097474540482,80.8572493302015,7.874934317718905,1.4940524166545395,50.19322439314344,0,9.570376130800351,83.60522431284409
400,6.281800118592776,85.33886084427229,7.821413904728459,3.460214393146538,47.61666482529836,1,5.797497610852401,84.93152867656629
401,1.7218670818515283,58.35209539504749,6.04362499948775,0.4035354838042071,47.397026757936814,1,6.683899408085443,68.16671876892902
402,7.317870346756966,58.380960814415886,4.430271333085906,0.5695076209300183,71.11370131994403,1,5.88646400040395,93.41411839798619
403,4.536766607135,51.83357134667715,6.457773369371392,5.993355672199744,54.75084654960402,1,2.1644255527003082,67.10181921100377
404,6.785202262754192,86.82010075328202,5.867304970380362,1.9598354965554656,61.488382991748665,0,4.382390971071469,92.17585997529797
405,3.240347207214282,83.19022638109026,8.062723838410056,4.4891034722930785,99.37032000305935,1,1.8923150104986153,100.0
406,7.268662599473403,73.7315437874907,7.634675496716142,4.839990318160899,81.05885493552069,1,6.606586397650435,98.9870478850759
407,3.724411751139142,92.20852244845986,6.18756236918524,5.148139626043375,96.93884002282007,1,5.0218677568039505,100.0
408,1.0758635603620885,90.28350764750266,5.30735532552994,5.985769784412939,48.55339330198694,1,8.00186474413843,61.35374065574061
409,7.337673834934845,79.2677182198376,9.92821579693355,1.448978911541207,62.92836848995415,0,2.9842343289943285,100.0
410,1.639006737502935,93.41356402566294,6.724009727176689,0.24210496115819824,73.28390819694125,0,2.4810945258640142,96.81141475846874
411,3.235195463132904,60.292060501838414,8.129645414681423,2.467149107967516,44.60548371332428,1,4.6569900786739105,63.61151157816387
412,7.650433769355635,55.5959809698864,4.843317805470164,0.7804840189736817,40.251246617677474,1,9.33926844896543,77.15363346187198
413,7.654250028562893,63.48748057584948,6.913538197956386,0.13455533497233074,80.22606002781505,1,7.3937963351117055,100.0
414,5.014065216863003,52.854342804465745,4.165220319216793,2.1625609628489166,78.50917100808613,0,4.7703126231362685,85.01605825967586
415,5.422860485188595,76.5584764000516,7.0327307074627,4.702429506451418,64.6473285999767,0,5.655449527788795,92.44041098426487
416,4.1391186538482385,96.83028461474808,9.784104442706214,3.397084147350425,69.37864456192196,0,1.7579171005938852,100.0
417,3.0524754018864515,51.967177033425486,6.305240277914802,1.8766679352621243,64.92658003552538,0,9.861183067385017,76.17856715400258
418,3.3006518175894115,56.105495700501336,4.233976075449469,3.926052032956318,41.44030269069333,0,6.99766574225427,52.34517908833935
419,5.707629192539269,72.60995141417176,4.185734745516061,1.3921090818528643,60.122296373047746,1,3.568636616170802,82.13175136173606
420,6.26662170606376,96.69375087639524,6.327920559681217,0.08628867643251015,50.62493532383739,0,6.272275547937199,83.55763899133565
421,6.54105330608094,65.80780524883752,4.960149618779164,4.586120318618564,45.905451346082124,0,1.9853412946209459,82.07976690755552
422,6.527326999561877,75.36174043441963,4.1401125779691155,3.7424585091840545,97.403226033361,1,9.692530019268252,100.0
423,1.6384427213408326,52.0786429525196,8.53728168370106,4.57381574700576,75.96158350252993,0,2.5730648909502936,67.91221074493023
424,4.4609421329180705,57.41716004810444,6.751138053291344,0.23362810012599367,83.71937705419616,0,6.832272862496928,96.72072347453023
425,1.40291132011651,99.33150614794235,5.735468631835927,5.022717766983913,58.92182459596705,0,3.209090162850374,63.94504745222825
426,4.846702176266149,98.25593482180227,9.400499098098884,3.71715720021782,63.588827769640915,1,7.458052443836822,98.91637560341012
427,4.090713509613639,50.24699904672048,4.696833761203154,3.380372104275841,54.215439633803406,0,7.991392305162529,62.004637263910766
428,7.213929279308099,97.59058927116195,9.735512973731915,3.7476842886871893,45.817940257925486,1,7.060777560202894,100.0
429,3.456405087864551,81.95599689077503,5.883800304264117,5.186599481210185,50.741898246495026,1,6.530495142296733,70.45320223272057
430,1.819469114993241,93.39591472600111,9.330422033852088,3.5216190393534426,87.85084271778915,0,9.032221845568106,85.34584828978576
431,2.000941774369851,72.73699278169295,7.617657258876769,3.485702279329076,80.65274831102656,0,1.7076403989078224,80.53588204961068
432,6.3305744220223055,75.77980142896251,8.960244158448925,5.944074942394595,72.8157325591286,0,3.9782328920217567,98.71280100902504
433,5.327526443213827,74.44232901284602,9.904078979262785,4.540381002411408,68.50539237200609,0,3.234587316677614,90.74700508835069
434,1.7078587328595316,83.34321287730522,5.730432626912474,2.6537628327068115,95.34605701936746,1,9.892125658588794,93.86322391702359
435,1.588747642804982,56.98256273781564,9.766812912445559,4.244382000197566,44.364096866720104,0,4.504508017001862,53.57121322214917
436,5.90678392021384,51.4986794936339,6.336891369414522,2.335382830150731,56.83604879427496,1,7.593514293163588,79.53416845333669
437,1.5093410445493547,65.39649707955954,6.313071428421534,1.373252774900994,60.99627121424284,1,7.162526474929042,66.59816032823538
438,6.753020415032493,85.23403813683234,6.042322625527034,3.5811112613265568,86.94554873276726,1,2.9087311372963995,100.0
439,5.943695590095474,60.09267260614742,7.248445644085511,5.569092588683709,99.55087720971828,1,3.150979121903962,100.0
440,1.5694414644932984,83.67162166624587,4.924870259070922,5.574837120092776,54.44023088542919,1,3.5315610719773067,66.53722102024729
441,1.5938639985963434,98.49560230536352,7.322268912148067,2.051431668632942,92.45844004822484,0,4.700145504334413,99.1592991622429
442,7.906477049508228,54.69503578947092,7.250228874460024,3.16606479733017,89.83736562590748,1,3.1089255908547413,100.0
443,3.6198955702928424,83.63010591125632,8.571410875629219,1.2698153914191672,53.479443858505995,1,1.1768633447216303,85.91202681939917
444,3.5944950294682365,72.18751096522855,9.001899771625514,5.973786656993301,63.95995481195335,0,8.91453751126476,72.06626907862224
445,6.689596970802518,93.40711271887527,6.642648101874544,5.886707447207614,64.58037215755115,0,9.690488482427957,91.5120122572514
446,7.630740041687011,58.857489472369295,5.813999496108963,3.897053578244684,98.6932401115935,1,4.074133483284111,100.0
447,7.902007446760097,84.63129761130823,5.556009383902567,4.826484358064841,50.853514082733895,1,4.0465619148292555,87.57614855898655
448,6.273647296812591,91.90576448240552,5.167743020229231,4.290600967702201,87.94947826628692,0,1.0638263149693388,98.66797150026939
449,3.6338170987164102,97.23071097370116,4.3458854931941495,3.558949314236809,60.051562850386595,1,7.1222561949733665,75.18398225329115
450,1.5845050168906814,84.16240141448229,6.05468787300828,0.32008798193338617,83.85222074656963,0,8.428959061737658,75.35540169263875
451,6.440028411492057,74.85873820042136,5.6214861527846995,2.7285860553159664,65.20066025773977,0,2.3194747032400285,84.62744321592113
452,4.9088297481506356,80.8923620100607,9.798504315198445,4.048717813004464,74.70158578699241,1,2.4369971443043568,98.74464965962795
453,3.969554064728834,93.44524922393592,7.346252957500264,4.065189683302108,89.95670639956786,0,8.11074924974294,90.74398038878995
454,7.344480695663152,78.53048733194149,6.083662234183045,2.2387357105343018,88.24993389903304,1,6.5466167351873015,100.0
455,1.7783823761430595,51.519352984841845,7.4828056059621755,5.6501519199481836,91.98539101238201,1,1.4037450186494531,87.55375635977269
456,4.448375730036014,96.54743477534889,4.835180208074173,1.004142193420686,43.57703952067954,1,6.602922914160535,84.825683015367
457,1.0794755133719334,84.47633755157806,6.664262495213217,3.002156677293364,81.5230331823847,0,3.780259505593895,87.46531743024254
458,4.280624493958884,83.82566928886233,7.757405928526383,4.145303859304937,48.39924260330577,1,4.318526399237614,80.72231551690611
459,1.3941229297728615,60.78375761988586,6.933386990754708,4.182814835350856,64.94911408110465,0,7.9275827646719215,69.7162768890249
460,1.8317254138765033,82.94427351163286,6.410672803925945,3.8918337406128933,72.91530490328131,1,8.298416734053497,75.03160750523014
461,1.8226837274397343,69.69322028270793,9.963090333398188,1.651729280711161,64.16436908480985,1,4.603209641558475,77.50777094759594
462,5.544472114812445,82.5616488520746,9.281888572893562,0.9372394121197318,71.17670054818045,0,9.524376424057193,85.99695038588257
463,6.222314154857963,55.32965151539953,7.74043574895664,3.8156419609602654,99.79157852791715,1,4.65816446156865,100.0
464,5.083581355680117,82.89226523015179,7.416264167093697,3.595812696836626,48.11303882277129,1,7.946524317070989,89.39895359118353
465,7.735207839321793,99.97068628853333,7.723962878947504,1.0761360617354458,80.52736272018554,0,5.3548953810783315,100.0
466,3.6240940566659283,52.4106019430278,5.207872646934599,4.23083487342338,63.76005798313692,0,9.077790938698756,64.89932025288847
467,2.999984603973025,98.85870921106587,6.370826459585912,2.7310319504019382,47.980587934439725,0,9.169851192851608,70.52363957154583
468,7.080193897326222,70.34539803614354,4.236757197345396,4.006563549618917,49.52420580245857,1,1.7867512708397548,81.5634347290271
469,2.5651708696361686,93.53767251686295,6.85327622492096,5.024202478620904,96.95638637473701,0,9.428439981792032,98.59508987939883
470,7.742557776084279,89.11927420291367,7.258147503745979,1.018370571461539,92.77608980270571,0,8.429813573683742,100.0
471,1.0850813228287144,78.3508130493334,5.366498416619257,0.11486920798102007,94.4225176249013,1,8.121796428814001,90.66471369304377
472,7.789151786953473,86.92246046256633,9.784173082993082,4.67461551837472,99.4919665496432,0,2.808202057169702,100.0
473,1.3021193836540328,93.92577806506739,9.456727665623452,3.6581845509156956,52.498923400511075,1,8.246072878791985,76.6288231190987
474,7.238001795886498,70.20701608255165,8.332859412735434,4.19783741773273,61.3263602418437,1,8.65119461216533,96.34122483647656
475,4.6939077636040984,66.35165807816193,7.2003197725921755,5.028929849931855,80.153141795492,0,3.6023530100873584,84.67393195203343
476,7.950753572835103,83.37966927817924,9.21981495788611,4.816865608947003,69.02815239163883,1,9.570340705260914,100.0
477,1.516575953147792,90.39229709706294,4.783914062940777,5.765520881572948,65.10337200270001,0,1.4487413175924782,65.58584990880898
478,4.876979990809246,88.11425673883079,8.743058765649309,3.2156104731127093,61.46867496013559,0,2.349183279224257,94.19081729552498
479,7.7851177493336925,89.89068244293173,4.74892488380109,2.9309737959594324,75.62683791660713,0,5.838230242463629,100.0
480,4.661684909191042,71.77916574064665,8.765263975296433,2.4113231993443804,74.53560571840492,0,6.182132240100787,92.46475305842372
481,5.405790466946838,90.89171080875107,5.654605409508141,0.9221462570652272,49.687470043854404,1,6.80635074970813,80.30564296029691
482,5.87024082289232,56.01045276853042,9.262543486109134,3.4356433972921345,68.30439025110634,1,1.152722163839198,88.91501740789587
483,4.181787453374413,77.22445489804248,9.664252562952388,1.6620751459558727,73.208306572591,0,9.643300971599173,97.82737777787273
484,5.392906560588444,50.28793302490608,4.892775816430694,5.527845073277852,74.21721632388343,0,1.401292834607296,75.44888120033154
485,5.090200183461702,66.22929149501351,6.7760536303923615,3.4991448256625857,52.60643157474111,1,2.2875575745106214,81.13385133995794
486,7.308106073436923,68.32307674356989,9.885924268976112,3.557041083048661,84.53628353513722,0,1.126130657734513,100.0
487,1.318124662390205,69.80863458046277,6.90044461583888,2.12954796526206,41.51194568926418,1,6.101725899646852,65.77065949816048
488,2.9667423271456124,84.7733603344931,9.181285135087272,0.3119361118662449,61.28991133258976,0,9.39040195528875,86.30439086609915
489,7.652880388535911,69.42790506351729,7.5323891327879196,0.19046259223793172,86.81275891213801,1,6.993524494724178,100.0
490,7.231846487236414,72.43468113112652,6.251979447517611,2.540010864919185,73.83357526332415,1,8.403917216323846,86.50077253732263
491,4.18959726949999,61.87720654371637,5.714701333155221,0.5073922685834271,55.66974595065162,1,1.1195308311272207,75.98281366751172
492,5.340928184610757,68.662589581467,5.219338546516523,3.641081733240835,81.69718716058287,0,5.878137686317535,86.15807520726213
493,2.941668280867929,61.363481363157575,8.570789148266183,5.285838033837944,74.0434566493644,0,5.136066797549697,78.36209807485352
494,2.3168481180663294,53.659796188422185,6.319243040938167,5.297488899112333,87.77461656738323,0,5.490711497987137,73.17536621081797
495,4.245888834579875,80.17242966906889,7.067652773204507,3.954272460793394,84.1015111713894,0,1.6499186680166915,89.68801138276983
496,3.4734655961823697,83.41063992775082,6.953952880007091,1.267390988837586,76.60647532217408,0,7.159918249623767,80.33011664836346
497,5.0855927829561045,80.97451730048073,7.463674175398787,5.177980988153232,69.29066051864885,1,5.52898373372771,84.74059430411046
498,1.544142458754894,73.17470219002863,9.193462873747313,5.3165606118792486,47.9909275400514,1,7.886339648751376,67.91978429573241
499,7.820763653663166,68.98928900896149,9.884436061500576,1.1799215097177522,55.679981073123024,1,5.367615706555438,100.0
500,7.90347521135722,93.16668247859127,6.445505251442902,4.424556514624063,65.14596837502512,1,2.3444347260378886,100.0
501,5.887131998138216,75.9540892568109,8.965113532637819,1.7191172935627377,75.95795722038332,1,6.834312586700398,100.0
502,4.752674564408842,73.95909388148655,8.587166767928306,4.815841874117578,70.82247131291828,1,2.551477258946496,94.32262358798474
503,3.166693314004294,51.282103290321785,7.441173708733439,5.9834273994216165,57.29107155757177,1,8.851551070193334,61.5496766592328
504,6.696565137948641,67.06239138130782,9.736282861671599,0.18015603197635688,40.387861467382635,0,6.518046151623174,88.13531059168409
505,5.793118207877155,69.00978093929285,5.2028470931704165,5.384195194745591,69.77435331404884,1,2.4148349520125882,80.38953463288254
506,2.138318575414239,69.94113904484502,4.655585261857729,3.735783201591948,57.137559313734585,0,9.661042517330861,66.13601358576034
507,7.376490291456897,79.00861846136661,9.123771801732532,5.840295714988927,84.0764980426321,1,5.665289170017886,100.0
508,6.757760700462183,76.68012733634393,6.63489889980249,2.7900571051585654,41.43677591622901,1,1.6560860668448951,84.33044017264075
509,7.648599393043468,80.39525463967223,9.081813125242363,5.084327583428243,75.08966867834745,0,6.641496139735605,98.88195019149869
510,6.08003655871852,88.2441630771064,9.35854123117249,0.3743644115896634,96.48845425036393,1,3.278790163115292,100.0
511,5.293906371550529,90.64928693580467,4.374745561714429,2.0116743004697746,50.46455602668997,0,8.233241066895722,89.75823385916777
512,3.927701254034332,85.90615381132471,9.300788577916364,0.4020992265072598,68.29896944503572,1,8.360398662095715,91.5910057209834
513,7.529099383478092,97.77618479774674,6.689914332216533,5.852058800874423,45.48531950902829,0,9.810526202691957,85.09485815263434
514,7.062447226502859,50.91162913381808,7.062594934025393,4.90184344363102,77.54091473568116,1,5.516825779220533,93.22419708744215
515,1.3165306907433258,59.788899284177305,7.759555066559262,5.115284527475823,73.03190083577354,0,5.094611917549634,71.49695736799713
516,1.184568821480764,50.37814374890711,9.558295640380521,5.627791388603365,64.44193145276994,0,7.781280449018325,59.9498569083888
517,3.6352435681463473,82.37373570773015,4.114696566578584,0.5106209167187121,71.28262128842448,1,2.192235907077339,71.19271593648207
518,6.6738733154728305,94.90152744749935,6.861060809906903,2.3135855550800004,93.79447950814061,1,5.922239624138117,100.0
519,7.910932905204612,62.174114828814965,8.126332254583364,0.42620933426401275,51.77765813866402,0,5.9162284011776585,95.60067624448635
520,2.0529182377246973,96.35172723981533,8.336241746189371,1.2647586093001717,41.35387070232083,1,1.8052581052934848,66.85473439999895
521,5.158915007464946,53.01336951447804,8.155194589222647,1.3761946622260341,91.69989308194606,0,4.761856769562222,93.59787065138468
522,3.6662359964171505,96.72180134027572,4.806610776448731,2.814643266285472,74.62702494327439,1,8.679563187104819,97.22716566049439
523,7.789400784702222,67.58113436198173,5.796373530230087,1.6113730047218555,93.43950732771054,0,8.705382597951942,100.0
524,6.894832461949961,55.07104142246082,6.1522931525020805,0.6058686409065666,75.81671340479036,1,1.8931389842771291,100.0
525,6.868300932977965,74.29358795931628,8.82662324607703,1.0049465345646462,88.60966539758215,0,1.8164879447304778,100.0
526,4.280852118564792,62.8388283860254,5.672559234487318,0.8836533813125456,65.78040180130887,1,3.3642592930174176,82.29983338178958
527,3.903736516363656,64.24364509809614,5.264229783203219,5.83846078747379,84.99159587729613,0,8.872894562985941,78.49997689309666
528,2.9138495035149434,65.36449824631433,9.744688114228577,4.555755041510841,94.78248801339136,0,2.1601232656614906,96.95293407718484
529,1.3946284765564898,90.15129489163317,4.053179710680814,5.806568791617372,74.32737782333237,1,7.479971223647016,67.80488548684212
530,7.053056633785372,76.95806383376272,9.98692513409187,2.638442919047451,50.84710903374277,1,1.910490576517929,91.71038781733323
531,6.690307063910543,65.56538495780018,8.060927793144373,1.6702108899759396,56.12785690181189,0,6.608240683730428,93.16268437939308
532,7.998023713002914,80.51668916554593,8.970815796694701,4.78975918325512,51.918674613844345,0,4.204605692072303,92.6416244495465
533,7.976457859517337,85.80753371115968,5.767716378077159,1.9575235082468807,54.81142165574397,0,8.100225666692804,100.0
534,4.888021939218392,63.63120003667669,4.08589166600236,1.7963002422320897,58.38492696106218,0,3.1032140394282726,69.95368318216153
535,6.3829119062635735,70.67745507626758,8.427217111369181,1.3950359532469871,73.30802720519131,1,6.752816464509639,100.0
536,7.6133601091769965,56.09430466684738,9.004867582004055,0.7780738693454121,75.27949776782997,0,3.1211428111829647,97.15204015644741
537,6.94753173474188,59.05746747673402,8.442856791721114,1.5387783661005958,65.58998483451167,0,7.4229425480093845,92.91671904065272
538,2.7314367122023837,84.05589269824914,4.857101723805032,2.131918490843326,76.92524678925012,0,8.863102311046738,73.72872907926042
539,4.1538089471706545,59.071917384781344,8.520567533541815,4.0439652488743825,44.89449553668196,1,2.14121619214084,68.32107886145523
540,1.9041159060604649,76.258169183353,8.613536692645846,0.37538905331670946,45.2672942234896,0,8.79936119735953,62.610281971668606
541,7.678357190811057,85.45231308612163,7.951243094020329,1.2630416379920577,50.30976762145951,1,6.3421772897286814,100.0
542,5.24322244115616,55.34384615473719,8.596695596773518,4.854141841750058,71.08464988242068,1,2.1439944178032158,89.61349368197634
543,2.600499638524239,78.36561098144517,9.075528638066393,0.8815315415026246,52.839680721898816,1,4.847876698237409,71.50896852093705
544,5.701904790840997,62.82813918506819,7.681624685424751,2.0558708791351292,56.99706420955464,1,2.447742641365881,92.10346480331143
545,5.326897683205271,98.146343761879,4.531628283818074,5.187953531148841,64.01877017037964,1,7.303130999799126,99.52928084958677
546,3.5071390262298836,74.17728233599624,6.925766858003265,0.9295518668606559,88.7119674406228,1,7.8298132097615465,96.32496237542706
547,1.7949031453974031,90.2996274887579,4.46589600802963,0.4964210137091394,40.83172815477161,1,1.9521686824551905,62.66695409997512
548,5.7010123691495975,77.51132710781309,6.445258186194585,2.907227970480065,78.96272921419734,0,5.5552586742517995,100.0
549,4.642153906326553,52.170626642740956,6.442638934753766,1.8145170676712183,80.13259186244112,0,8.331625504233255,77.85475932583721
550,6.406228742149475,81.65756877970111,4.39605906484145,3.3804501869031247,87.9193468213982,1,9.425467373958968,100.0
551,4.641144507783954,97.57016711033285,6.092923203816876,4.822829342900851,95.9651763436188,0,5.62166080067593,100.0
552,6.965270502229781,80.08059100731656,4.665988592747889,0.822890928916459,41.20827093695739,0,9.552513012502663,87.31277367397594
553,4.863347871421398,90.95944297133951,8.849411260055334,3.48419450732571,49.22702233079297,1,5.821200734104268,88.62596117723997
554,4.926565800747704,94.2103231674204,9.686128155786825,3.0330525623391837,93.17027764335958,0,4.547714451399171,100.0
555,7.1365752186084155,61.40398859744663,4.433898851547632,0.8644727160791974,67.51111373122092,1,8.633828156976058,86.5382210963148
556,3.824380063486779,60.60224199541133,9.730691243750208,3.7439909131738944,73.87543833600782,0,5.436844394122802,82.55219903708333
557,1.938106599154485,80.54904944254959,7.135459596020471,1.6418425071646299,79.78163222338884,1,5.247122595080707,81.5814759676455
558,1.2014787341933728,70.55142349033524,5.797394067723244,2.927005911264075,80.74399626973823,1,5.412812404688455,76.78674598621697
559,6.285960789715333,91.99306514333603,4.4611724516569815,0.4936339456623713,95.90442419899048,0,8.621065016827709,100.0
560,5.342166859474252,95.00115616990055,7.003745608422507,2.757504343281738,99.81696504470017,0,8.48747387519247,100.0
561,5.928558376694565,67.6710689651359,8.767093266944492,1.838780808256922,83.20944765585642,1,4.631679931961901,100.0
562,2.4907491305623752,61.8435279487241,8.24251886360019,4.934287267112126,57.233272552309046,1,3.9996987388347254,66.72793539240824
563,1.9546003291073883,89.0262757621931,4.301356068783843,0.34187236198420967,92.78514413766061,1,5.427352216352164,85.6680756836326
564,1.1018126596751734,63.740301777406806,4.437411012207421,2.5116436495099794,42.9532548724457,0,6.154952587633981,49.27202948585774
565,3.454112911646179,91.13071592568392,6.417239695795823,2.750588544788628,53.86485117246977,0,3.1450348956519725,77.13854641477177
566,5.129423807982431,71.18691268243813,5.771742964287659,4.350036457794713,93.84314304782289,0,8.145595762440315,85.08143817456067
567,3.7457083156981263,83.37749496457351,5.394305938336287,3.445725450541266,55.3714908663613,0,5.378344891591806,74.96008922183469
568,4.062324454166103,54.77676569173341,5.686026993452281,4.003274023165086,53.239063577304904,1,4.0064099357796366,62.4332144215425
569,7.329110861456239,81.19296623382866,8.820896459781308,4.662295713910536,48.287517588414836,1,1.9613889366759154,100.0
570,3.4377882691631023,72.58838393686145,9.575368321791125,5.173217841949133,91.54670545881498,1,3.1496064436324622,98.31173342816055
571,4.5979264241186755,79.3304231587737,6.4306161671653985,1.883252980334823,70.0034955514652,1,9.543530545803854,88.22943333312139
572,6.485571089188001,58.40071038724317,9.436666012794984,3.2281362321834175,80.49359218324929,0,3.7458971813757396,94.01458239027768
573,3.775799476248891,86.8436872472091,5.9289742074872915,5.040648470635199,54.34398304450178,1,2.519733604303318,75.10043277261286
574,5.3546069015951145,93.13985387716143,6.85862191806275,5.936706785790339,85.48242526067298,1,5.146055124894938,100.0
575,7.036545961227216,60.836990004538784,5.356173986895998,5.337115866262579,85.60033269772592,0,3.763789690242238,91.7766507266056
576,7.646644365603494,54.78572777600809,7.842856253055064,2.2288035757462605,58.75588149449801,0,1.3164332524407474,87.65694964927187
577,2.0295143665032658,51.18192930231682,9.873886691048853,1.1709991033119025,64.64095798061697,1,3.9083069555147554,77.07624142823593
578,7.486113376130461,82.0985750221633,7.620958576260271,2.9363552244395326,52.581416645812055,0,5.896977615455217,88.68282399375333
579,4.444814051556767,80.35470180443903,6.146884504681293,4.449848711016253,98.59366139937426,1,5.965411348179702,98.08546375586891
580,2.8077107180927086,77.33487063570351,7.88690467594317,2.9554144245197858,78.73615462350469,0,4.209030290591999,74.71110689541587
581,4.213950293667829,61.59735480579877,4.737524070792325,2.899085179882011,96.07263284293093,0,5.025724806273406,93.36637556389988
582,7.860228026998339,69.54529979527574,9.331954481592392,5.029382526490803,58.20313261774799,1,9.689661264112898,97.01989243050747
583,4.448326657950087,79.72381675930865,7.018503704679018,2.168422674403118,86.91345477981338,0,4.396136295072805,92.08427322708584
584,3.3012612720125576,74.83834294295846,6.696098452237853,5.158768048869874,85.95151863308452,1,3.324041319339847,96.7800270254271
585,5.43380598021708,99.38927601074437,7.515188730721115,2.4408288057103413,81.4993391119925,0,3.191203396600841,100.0
586,2.6810193314473514,56.821987627836656,7.748703176736415,1.9693986340700365,97.93833851600803,0,5.119881514337207,84.10243341463621
587,1.5310432967606475,84.75722770237968,4.430654837359079,2.723939467198194,63.613320166378934,0,7.835681338452496,72.41708916221913
588,1.9021580533745446,70.21593840521462,8.095703327340415,4.5746817520492105,47.843039415385434,0,2.8538936576962586,63.914558551908605
589,1.8963208727044072,71.40998074628074,5.451590081893178,0.7560121671839657,80.30253155464365,0,7.383665144266913,80.90160533245518
590,2.0633188545860603,85.87988828290881,8.283715795039539,1.1785152952321043,83.75858802863237,1,1.1903484101447466,91.56741654150605
591,1.971790208545871,84.62180756621848,8.93520876630518,5.708668953978552,74.50363440752888,0,4.770396801855514,82.08541302834618
592,5.486123213622502,99.56279968510941,8.823751045315122,1.0529497642881442,52.40907358800378,1,7.982785586825082,95.77715554711726
593,2.2731605907940136,56.41971447270626,7.315005804447335,3.4063639075863277,70.26735650016133,0,4.048596601969883,73.45240796081299
594,3.4196709832670424,55.20548246920832,7.121019353864507,3.475886799971627,58.731384194147765,1,6.073633913008595,62.10950700862292
595,7.2775188693420825,86.21694085643705,4.85725576803647,2.9377467723014687,65.64799169000135,0,2.844813095433197,90.9376776420249
596,4.317731481840107,78.91934585032045,8.652076902418813,3.8684714914609115,78.71311455067983,1,7.677958520135551,100.0
597,5.6729041696471905,63.70803332799029,5.628456282680286,1.3789603547857106,84.71288456145007,1,1.4705119294188367,92.51360371389138
598,2.206239098411409,53.97096844944933,6.980172536907679,3.3159736066604895,53.933481454080585,0,8.672883803879504,57.95018083187941
599,2.3460231316606954,54.282912479821526,5.7056445575651,2.233039531481383,64.3195216388172,0,2.7837674777950134,63.65065021565609
600,1.286080313865352,94.70954373320592,4.802970177998159,3.9700035577751343,56.14969425949775,0,8.869582285374976,59.20893584506245
601,2.1825454415051517,59.59336623593715,7.77734618135042,0.8473412602388968,51.91789683171215,1,4.172763171704656,58.80941664385905
602,2.9501323732237106,66.16857810577604,4.325992208937423,3.4252645010368576,87.0032331997503,1,7.5041521702703795,80.51387519820429
603,2.2390733899372277,61.3328201113494,8.4918714047572,1.1116221322999422,94.55516166621955,0,3.873027680075696,90.62932715773627
604,1.6209177362993894,67.74981529159686,5.9055207715666995,1.6718583786902184,62.2139311410746,0,9.153205041111828,66.95630973561872
605,1.8444510977042057,53.47119213730467,4.000808158026912,1.3122588019414994,85.07673546242602,1,2.1397341296653694,74.26636506662338
606,4.22545137622908,75.95298954541352,7.066774835423379,1.0970266792129026,93.81971736186466,1,2.6066781034533886,100.0
607,2.4443360288405476,53.380628179610746,4.281111451165619,4.954265709364002,90.7674526318139,0,5.437271126429221,77.42029058119142
608,3.549889027336528,90.01782539111808,5.657017346925397,1.714245405965342,50.96880331235356,1,1.7374459513433151,77.47974103811501
609,4.5239208959839985,61.685604095521654,8.241858924734297,5.5627426911866955,97.37751289080168,0,2.7638216623158574,90.55931218524553
610,5.832763800405557,77.00059573022553,4.376137729731195,5.819559152071145,62.600586425767744,0,9.49389743990813,76.348836440489
611,1.2751849788876926,94.0039543780729,9.036030954136013,3.427562819622584,60.35443967043018,0,9.788406950330984,79.30659754180977
612,6.5958727923632985,82.5438684523597,4.022919535951498,0.8580067359943584,43.74587963666682,1,4.386333963973797,89.83855488412222
613,5.395302726436355,76.64788932756676,5.480943215211413,2.2472894602774875,69.17041924629298,1,9.30957418912542,86.61102087132264
614,1.5723132236421034,66.21668765576878,8.445424336912428,4.786393580089284,46.54081693845572,1,5.903422081060886,62.63059489936226
615,7.115050368747441,66.6500956529099,5.897620898375841,2.2043443721824225,54.91238925564556,1,3.4276821928639034,89.09193724684336
616,7.446106803722692,83.4743477599095,4.611354328396081,0.5221033098167325,59.01655730603689,0,7.321588489725388,87.811673854305
617,1.4275457189840464,99.70696806105838,6.1614035128025675,3.3407094655691276,88.52957940950104,1,6.930116259173714,90.30089166232025
618,2.938143537030426,83.09195949246893,5.622359718307154,5.070725108976209,92.5293190237538,0,9.9021278719786,79.2550839941788
619,6.643408958551429,77.88917086850125,9.05627141296333,4.775558322861015,58.14797904768818,0,3.3854255866835494,81.1183304415383
620,6.237817832685608,86.5325255119623,5.880087505510859,1.0507388407821194,91.52188727467444,0,7.048535523955619,100.0
621,2.2916471354946415,73.26028061418592,8.733594830656044,4.0365876864748005,91.43385624218746,1,1.468213795265022,89.35453527227403
622,2.465445263356972,53.00711713003926,9.351232868864408,1.3230255806138826,85.87905702309241,0,2.0228143482704746,86.43277410889996
623,3.593304719539674,78.1148407938955,6.602904517459177,1.3092452073130334,48.801706840910896,0,1.0352653745598395,73.36099087568984
624,4.391660896337149,97.881264225269,9.459658863126352,5.244430639831111,81.41937081404373,1,9.995146129537058,96.81137978313822
625,5.327783400712072,58.76514711788298,6.263908323779157,1.498013716441381,96.70144387483413,0,8.220463274327301,97.3459242387048
626,3.582395476988407,84.50024454103328,9.78447049894065,1.579484079108067,80.95242872602942,1,8.080507132601866,94.19007798742325
627,4.237743012932035,60.04668443295282,4.535737147153437,0.003920344567797329,59.89701094647003,1,5.587534677593617,83.93393842231119
628,6.232296566936296,76.79138422365406,8.122115599019455,5.2240142047531055,70.03475904584988,1,3.7006037461489596,87.61233922437577
629,1.2567824202341853,54.83382248233598,6.962884242741572,4.755568879254808,78.74350260106323,0,2.3613785601640833,66.66251653792717
630,2.7670586104081454,72.51854681290925,6.325892832733882,3.7639736105440678,70.63422452371022,1,3.562072649618173,72.93537805677587
631,5.993447101191867,87.8081664447623,7.796271272491605,4.501594583633054,47.19717650385819,1,4.383740997362252,88.60708312646285
632,7.266447863810395,67.37857621194911,8.223142549805987,0.9122914045469508,58.72384267912124,1,7.8067908728226465,95.06197679477097
633,4.5817420948096625,83.24558622436089,4.026179617901855,2.7499415675254526,88.14376183321795,1,5.856956100128372,91.70663844956536
634,4.7247943968572095,89.77249803948646,5.001718532483192,2.107316324092685,91.68508276573104,0,1.697352638999344,100.0
635,1.7502040793784324,96.35889097397263,8.278276303805912,0.5626591575420989,48.23800196293421,1,1.16226108063021,78.88720142085907
636,4.131886567764182,61.73210409277267,7.998312481469239,2.9167829112895447,97.14320514392347,0,1.9209896158065685,97.82345289653425
637,4.728320865185163,69.9657957904654,9.796285030772063,5.524437902055812,59.72935707091656,1,4.694488423276415,79.16698425921163
638,2.697293525443108,57.62080066652087,8.566226741504698,0.24035471430416688,79.7388243238432,0,9.398736253441164,77.69266315556591
639,2.884702616645667,99.62417510791876,9.704636246388027,1.7487654809627633,85.10950875740087,1,6.7366223308829944,100.0
640,3.6409891417323585,96.35004839621476,8.21524300920884,1.2452456172342208,88.716774078273,0,8.216433098879637,100.0
641,1.1404983844440846,76.99785651402797,5.788313251836659,1.428879921994178,96.74498213355581,1,5.197371350540937,91.5993215417144
642,3.254554159082248,92.10166471882107,4.632189533505139,5.450607311276252,58.77517288172936,0,4.254994748755385,70.72522832962315
643,2.4801360489758126,76.04789886360211,8.690943180069613,2.8084143254057405,91.51038727309327,0,1.9756033544496046,92.6847490597343
644,3.2924814652454026,81.17928440013799,7.8648953288554955,2.797796477638913,47.901214206172426,0,8.883397199675844,64.89050157565562
645,1.8383349227347585,54.456221605800835,4.289116074359777,4.563453854731694,82.30245438121557,1,8.048440261251125,79.01666942798036
646,7.233690965179265,87.7635210248404,6.16030279540587,0.9269532240295548,84.51866377083915,0,2.513062878379526,100.0
647,5.155147174878341,56.38567418176174,9.740798892905717,2.9235921246003045,80.66339447207923,0,5.610345074886345,96.45213264068848
648,5.753716234011427,91.30338151262642,7.002406874261207,2.579911284726358,55.13888416810918,0,5.386373271291204,83.92980994422295
649,6.524198670251368,89.1014043835193,6.596374816118228,3.581464143279937,92.3825888209122,0,6.625823974178758,100.0
650,4.489095392503401,85.43723488714882,6.746197630955764,5.9973462195026315,50.1315078022237,1,9.51568204592135,69.63545805230395
651,1.6084420166119657,51.80801902623811,5.253296344030982,4.616693364492282,43.21808749124985,0,6.217942975862317,49.42710935256611
652,4.759745792729834,65.15641779726643,6.212243025188771,2.387194218104563,83.04789943671473,0,5.861955401007568,87.17368252974816
653,5.107887826146154,63.155628495542146,6.21887953592306,4.965318313644282,68.52854291396402,0,1.4529063964119755,78.7782454312868
654,6.21807631929031,68.00682037357595,4.314130121124834,1.024250179874881,90.94588119752056,1,1.5661672841622154,100.0
655,4.021616823607756,54.382137338191924,8.60540577110751,0.18278211785376075,63.00382846349554,0,2.6861211219411,74.67695953696935
656,1.8930621195689463,96.84789115155314,6.499026591423274,1.2266902347856383,50.09671531046277,0,1.2922369452257345,69.41053265657722
657,2.9864313405910714,77.69011203561881,8.933079320898539,2.042469336685558,90.18653154819219,0,7.690176060130112,97.43510078934861
658,3.541576074790446,65.27621553290118,9.102088006719372,3.063484544757359,72.9345778984043,0,7.509972735945668,94.31651447727073
659,5.521420689321209,69.84907585371417,5.271964328191949,3.690774843247199,51.3517475434213,1,2.2245061098847865,76.03363400331543
660,4.995448132682383,72.36012702524178,7.944120893020772,5.463634303286531,83.22303991518675,0,8.524710107157528,93.94982151662686
661,3.4926770812849237,80.02971666803086,6.83369082497789,3.0591240573027463,70.66681830937003,0,2.3930743136150077,81.85687069494323
662,7.905606741550858,75.7839713848249,9.280940427528911,3.0076538677543763,76.25877893441918,1,3.7105802829762293,100.0
663,5.24042373549821,95.96959866072086,5.294444075058725,0.3014580589378928,67.65390029239491,1,3.240792092452285,87.98011741329087
664,2.660587542151961,74.84817414529151,8.066879201860266,0.20946931593734286,89.72253902908038,1,4.35076388715743,97.2507315798968
665,1.7124773083428262,99.60790074116564,7.646512733516335,3.3069597714982324,89.77376294098299,0,3.291973893009657,83.82402656818749
666,2.0700139742903243,92.57124788725478,5.771808865430996,2.629071679490067,82.56332930946317,1,5.400558337946069,75.40024727701262
667,2.721704098691557,60.42552571786679,4.819605421907036,5.035082369881792,46.32408264378773,0,4.666670932192169,55.750412986600594
668,2.12476961281689,96.52976073219581,7.909838562863659,0.9640775082710711,90.33123171424413,1,9.879125417013938,100.0
669,2.30596916835914,55.818319894273806,8.431584748793984,0.1498299727022976,80.26077883197459,0,1.503337151154031,81.31400190752952
670,2.99566618085693,90.87248542455958,5.8937640625801,2.694232607580755,81.82144996025798,1,2.2796323874861644,90.37034409451489
671,2.213615167063284,69.03116467382901,7.868995624133882,1.424871340513545,61.7789704242323,0,1.4754330451774225,89.54547669037173
672,7.277357972384976,93.89871602225347,6.37078544566902,0.2976862400330247,92.7567733694204,1,6.632570754841382,100.0
673,1.5616362196314955,93.40283450537251,8.279241299695705,4.3475897210857735,83.52229601409144,0,1.4905834967234761,88.61626306119658
674,4.671579726991783,90.29627000588106,5.195291649364319,0.6695579997434848,46.75542799175167,0,8.52795763638511,75.29233610665128
675,3.8727777889276305,89.50152181535307,9.341290015817046,3.64991700004663,64.46668206436976,0,5.60744767613735,89.25877613926849
676,7.8766503183602445,65.23395695490204,5.724457578793478,1.686298501001335,93.1828217176085,0,5.743068621233803,100.0
677,1.7842723151763664,54.04596415256261,6.206715926536917,1.0409763021301321,42.83180210184274,0,6.054350569409748,53.5661545436256
678,3.7849891933201913,70.14900893825808,4.348551712482099,2.278509137515905,97.68499717852296,0,2.5373233567558966,99.40099042371163
679,7.786293032927582,58.67622574932543,4.669073273927658,4.808674657337722,80.74975409917377,0,2.7792127280303878,97.13397628386528
680,7.0585498812578615,84.74755444512309,7.095171416273969,2.3525614614274364,77.88255865860259,0,3.8693559058570424,100.0
681,6.7195044966449595,67.30498632688928,5.605556060367829,4.5046178952663345,56.23355538927949,1,6.341467742396663,71.11941717740268
682,2.805319789314579,98.78051004299574,9.012881354453167,0.7529177807949041,54.92750732435063,0,2.891059983461931,83.41052575378349
683,2.1962131117304606,82.04860386726659,4.088160331929723,4.6366285179904745,96.52349316931573,0,2.046985544199351,96.39769590065885
684,5.680502539471017,91.12402818171805,6.274564292031617,1.4215999494398919,57.89634725404736,1,9.73105197776589,91.27081256612801
685,7.505631923893101,56.62623363709242,6.024073280614556,4.0643587793332365,86.53031780313997,0,1.1978363332866062,100.0
686,4.897340251097509,93.10072411363113,4.115965785505606,3.394689329045978,63.58730789242475,1,8.224276648024194,92.66284177189699
687,5.001288826289299,96.13785952566971,4.746210394003061,5.574868303270124,48.35524424708224,0,8.092316346175199,75.24907319878004
688,2.9598536556219894,74.35309594094679,6.481856049511812,2.3239351078518844,40.642917861721536,1,3.674927024605864,62.7355036135378
689,6.3864505323435585,80.31264688754888,6.957187506684679,0.3969911330066427,72.65544022091504,1,2.2206395440658206,90.10964296104137
690,2.3093062399026634,88.24049004514977,6.425738483529215,0.11493291330751743,98.54672911293596,0,2.3106578203488106,100.0
691,3.265754654829706,58.741931363020626,7.185626070472563,4.9611513658365185,62.14817162855227,1,7.276884555134733,67.61542892057375
692,3.9780550703149173,75.12830382317212,7.570790049434089,3.1484138259685928,61.431540039582686,0,6.785259319775563,80.4661930673564
693,4.553272650791185,69.93315138861566,4.059542926767014,4.651464311009695,60.64549707096653,0,8.04471106826248,64.40857224430536
694,2.696868126905562,57.31869960811245,6.784570956721023,1.4065536000690881,71.2326302382915,0,9.437330551591941,73.73252132018914
695,1.8038577731744248,68.37672111457657,9.78099544532553,2.0705024730794026,66.4398930054576,0,7.227346269399328,77.5732263853367
696,5.274340297091428,53.40861546927468,7.1141936807772925,0.18062323326791363,92.79487760362088,1,2.402663828962991,100.0
697,3.0204138726817904,51.29059534747435,8.06525360475372,5.768953947444673,70.33124750340941,0,3.190983550888696,64.53742319825254
698,5.068667549958286,56.758314457741136,5.871183147501299,4.007207440204881,70.46547029131412,1,8.579743577858032,87.25100956131459
699,2.080539006919416,98.15575557945868,8.643948268916574,5.5992305265558375,48.302295683233396,1,2.883754682507877,70.82460736747149
700,4.367980712983723,77.47647679475085,8.63752889125669,1.592978444574434,98.96437245462316,0,1.6527008525903328,96.71029493105723
701,4.7281260278611015,98.291108057661,7.127776285924834,3.668781667353965,54.99837345212978,0,7.329520486380254,84.106286225809
702,1.3627647577569884,71.62489391650661,9.856082939675282,4.070999809755827,44.40184404757616,0,4.6227371994112785,62.91699193961714
703,3.356229947357444,65.59080665426298,4.75330128857592,1.9052982015455306,79.78877493851252,0,9.280360472913133,80.44815169565726
704,1.9409027385728197,75.3070931420122,4.101685989337486,5.08865541009378,75.72198220941236,1,6.8522956398429535,78.59778088356082
705,1.4436247933093742,71.9755844316455,8.620949270542576,5.682968777401487,64.90873923956474,0,1.8137708001249466,67.35674531381713
706,7.9297216267296164,55.2832342130872,8.842933224189295,5.309130706176026,65.33153403284068,1,9.530709105282947,93.09369605453566
707,3.256476914823061,82.0413157345103,4.721243374723457,4.434401855636235,87.10383526278588,0,3.327015372762213,78.46518207086537
708,6.669121120982444,60.80190912547998,5.593496997751636,1.6647880783497242,51.74275840597895,0,4.034912413656572,83.58101581698142
709,2.782484583346347,80.97939774489149,4.105314180199773,1.6896962526337904,89.21519913669339,0,4.620343723151878,86.6289865270389
710,5.7705190555675046,82.51005461990766,5.759851664683389,5.7801619226762275,78.92482683370109,0,1.4610186676388193,88.04682783397449
711,6.321595019227805,57.601242656432404,8.638851243512029,0.06170697561415217,65.13818642677145,1,5.468638800075444,85.79761464350217
712,5.16947118425491,53.06748135553341,7.107763166275474,4.296299839452867,67.48171699503212,1,2.1098664196776302,88.3321251898428
713,4.301033319851109,89.038079303422,6.0885735590097285,4.237476975331573,55.398832431165744,0,4.608732940195166,71.29750511875571
714,3.8828863990308795,72.99002118846602,6.230435769437982,3.7361372456987847,85.1268599618185,1,4.156388091928759,86.89225755705183
715,3.442077865800967,52.90818977527379,4.008121754292809,5.940653076521195,70.77248453831606,1,7.95556075083853,68.92399711412789
716,7.506704009734781,99.74331585848836,5.798803165391416,1.8712766145823514,59.251272564990614,0,8.22853460469458,92.3833488448068
717,6.814335854514104,52.88902804981833,7.878752449827583,2.039831182759489,75.76300694565701,0,2.380715941501792,86.23576454008062
718,7.755188374665588,84.75176144292766,9.845166662898142,0.4736364176793333,99.74406712307939,1,4.298960686413036,100.0
719,1.8700805643988132,99.18394626317068,9.082364961903398,2.6567888192624247,66.11573677939323,1,4.360178449286485,91.07790598568441
720,6.11607232642551,61.95900521079628,4.141569787873175,1.5662911574090885,95.24148404671718,1,2.3626939954247654,96.88050450830062
721,7.568383197747265,57.11246843435981,9.391363628049035,2.0603202130658653,60.701010395473965,1,8.186081545460715,100.0
722,2.268631463159621,56.069246971121444,8.699190479791756,5.007430741533766,43.283962415499154,0,7.36505495501881,52.45274067085299
723,1.4654738715674425,65.16375737837978,8.682256741425881,5.612907081164974,52.25452638210573,0,2.7134360766733128,55.87618363479626
724,6.187844545030414,55.052290550532334,6.747974554021429,1.1143984320311138,65.12170859966105,1,4.300497177344191,85.82530625368106
725,5.021311792259383,84.60806708470659,6.388031757727017,2.2350535893207955,53.17809571567414,0,1.952245223708628,82.69587155945186
726,6.892801437307904,53.114589906503134,5.817494372999156,5.571783372692364,40.01362229309533,1,6.6538593738373955,67.43869086076343
727,1.9784066363840265,75.47110640748949,4.394169153726194,0.3708507641353358,94.90009226485164,1,2.092347320937577,92.29872783147071
728,6.566871183019232,99.83484269264883,5.369412180962195,0.5541631686682711,90.63276467385575,0,9.87340751762426,100.0
729,2.4113912403342117,90.69851347530094,5.4796218098681475,0.9767459352373762,84.53753388921683,1,8.026138672190761,84.71005207309787
730,2.1455916000599315,80.76097191155054,6.904462418261209,3.5712770047612485,50.06887573876172,1,4.512146946255956,60.30603147542075
731,2.149860585516951,65.31268103933058,8.484666439580163,0.9028336260359848,47.221814572599165,0,6.2070753905141896,56.30136554058692
732,6.702023041619674,81.19479181458192,6.842858970387679,5.808458288704401,44.05628496834299,0,9.20207634594768,75.57735760536823
733,5.656380544873401,76.35207319558258,4.347066696682964,2.680287163551122,83.44175132637528,1,5.986893523562435,93.42082088742916
734,4.661457973383835,71.30416919451858,9.746738805929223,3.0091077621009985,95.72847764127312,1,2.5704863775815965,100.0
735,3.5118133888645175,56.535518837009974,9.656345914564675,1.479951694832439,65.83214925478222,0,4.408330200230434,87.23377710676868
736,7.140403785691758,94.33021076202334,8.71113725889045,2.825761514608401,47.14844031976289,1,8.588303785267708,100.0
737,3.7471157519584475,72.48923244106612,9.947967409385324,3.9714817958220694,70.7435692439264,1,6.797917143906561,87.37171454993187
738,6.716196076301039,59.73112559103825,7.266893996801578,4.507062821724256,60.92991444751781,0,6.856519459004203,74.05266740133149
739,4.073944359991529,68.38796754386448,9.776610101519235,4.523208496259478,62.48949546099986,0,8.801393371196403,77.99179735199938
740,3.638611005974353,70.70648762644635,4.453630243700505,3.4673466761645297,77.27983744934244,0,9.045757517162542,75.11344254007145
741,4.238758499687245,91.37689477834371,6.194084489568228,5.426158649963144,83.12308679573215,0,9.278133146014927,86.89290202291961
742,3.1096451191489947,86.6807190280701,5.352287608040595,4.904447083836656,46.63621593238965,0,1.853642739278405,61.62021422204682
743,6.233265661233758,88.46524468206698,5.17499850480562,4.542288688191753,42.13541384838858,0,5.897134017667908,72.809592472449
744,4.519042730647354,50.55156322143236,4.844817693356056,0.33363313008276374,99.6598181611429,1,7.664585690964867,93.32802658168973
745,2.6254888660277214,70.80769990898807,7.73448184939598,0.041267773317895884,53.96370093493311,1,7.812341606143124,73.95547244901118
746,7.297022012921979,74.06720758176618,8.68793113448383,1.2746836631728378,43.22983149450754,0,6.460445817730035,89.5286153908079
747,3.6872385496124798,50.95961384115284,7.469790396522164,3.9811415634807137,51.392519745755195,0,2.5010860166530673,66.50281025102092
748,4.80487002779792,62.99066043725171,4.881776257529258,2.467184933295275,42.33747078090785,1,8.17678498547498,63.794963312024265
749,7.345304776751829,88.01449115610674,8.866742619600824,2.41443755579587,63.508653677030296,1,7.481002001634511,100.0
750,5.369665971397945,56.855485286449955,7.815728242982371,5.307521329377682,88.14410706707946,1,1.7752219439413266,88.37722598776165
751,1.8182862849585484,76.76550657262959,6.328994236761973,5.373377088791033,60.47466698546324,0,5.174288422069386,57.04905037561541
752,7.578824865294326,60.76009360086188,8.044781773216378,5.455051584321515,66.651004412702,0,2.565796595696232,91.67970627456262
753,5.393956371499925,50.60603873219466,5.559429875456997,1.8832684590901638,80.53520641404633,1,4.037293411416747,84.2321567028883
754,3.344339302599603,62.06007287997707,6.0711532509652635,4.146334876435571,70.53364420419281,0,1.1627298298511688,74.79146271755204
755,1.9749045086437107,98.7936877455027,9.50491505879194,1.6297990876462178,91.68674116127946,0,4.6029688156968245,87.92788341947727
756,6.558176324892072,90.07685559414948,5.743027034028522,1.1436589984466987,91.9621405027454,0,5.948892290405894,100.0
757,5.340509291499595,97.97883221605167,6.81992960894762,1.1077947440842153,40.59464172946922,1,6.576243335443781,89.39264183751942
758,4.7342276438342505,74.39270219631813,9.340846824376088,2.052645725181564,86.68277838899195,1,6.971413106158391,95.69645274389323
759,7.257248081356703,55.48680993387518,8.246328101605165,2.5797457186789305,67.64401601450044,0,8.52662181792214,84.7261953188001
760,6.5201804785717155,77.39797444868465,4.3732193569882165,4.9856950263304105,99.33043247821979,0,2.9391661654815704,100.0
761,2.061724158129258,72.71886672799805,4.883818265673822,0.7193465608362726,68.99392455252611,0,2.0843364019462114,69.56123609978295
762,3.1820544745688375,92.2178541369808,4.047049544631501,4.409555084369365,99.21375672329785,0,8.663834547081331,87.30929472006436
763,2.73942397870126,54.90412903921223,7.785530741374981,3.1887294851358323,85.27416167234419,0,2.409515334033849,69.52372224704061
764,6.207624048008739,74.4120568510889,6.68604055246251,1.7276720560559549,54.91629307679838,1,9.772840732025758,86.63894177859414
765,1.2347270431504556,57.50243323469921,4.805649105413654,2.9569175071969473,72.30369875721746,0,8.582844064587732,62.378811397473434
766,4.989227794099216,66.23379634450299,9.747604726340622,1.7996524186621359,99.52813836871496,0,5.507889453006392,100.0
767,6.337210800184834,86.86785386938999,7.177958343673719,3.5764917314298357,91.45183646511542,0,9.832792824298227,99.13090454339434
768,7.137359457332246,73.80090646843833,5.451359764677335,2.603063537131465,45.842013627473264,1,1.876390561972038,76.00740684605154
769,3.3945722410113524,68.79441425728847,7.0036214269282455,0.9864331744732724,82.38231980859976,1,3.727591850575915,93.19017941156079
770,6.74880113270409,69.72381392850177,8.077721996410647,0.6994984473341803,60.73477515224879,0,6.744019735365503,98.41958296344663
771,1.7744221586864506,72.97233842029934,4.457435307841386,3.280174092432781,40.41893571282089,1,4.150061816258608,48.33770573869023
772,6.925166042141627,89.25082719185284,5.648222890287352,5.414478199716621,64.20885814161997,1,9.355352967827127,98.16264030943081
773,1.892420636323877,94.60423444701172,8.841792945303961,2.0637461193461135,54.085265303498275,1,1.590634793600358,80.76926145017102
774,3.781011033922571,97.76673432519641,6.757989222415968,4.398000643335739,89.1321562312283,1,5.944706488548681,100.0
775,6.581067560456876,89.34516931276475,7.279462852193769,3.951968129638602,60.23983653074593,1,6.31779640655603,94.52761100337146
776,2.0494219914414167,65.77034478740063,6.596896013256815,5.5893294858568865,89.65142163722902,1,6.874553113995017,67.95291043088892
777,2.6047597666284905,84.4067353043271,4.263399655858031,4.925886103794845,40.03587633008772,0,3.30099600998633,56.13713106729955
778,6.055767978751464,71.8801562027696,4.994498678920936,3.399631553432778,58.469149001567146,1,4.2810978476787795,88.21196239766935
779,6.04025575582252,62.73353110230256,6.673249832451345,3.942182989404644,54.46991285846572,1,8.593124766984799,76.18053386859086
780,5.488033430197081,92.04357897129613,5.255112792447567,5.390318799504209,54.01404166411666,0,2.7544849207314384,77.05715078533704
781,5.8576391112697,51.92131744811625,4.299874171958073,2.3971127075216088,44.09119718592776,0,8.441810624560258,65.1759620373564
782,4.799071103433173,95.08809960677118,9.061897984310942,1.9607682351466642,51.2274562246301,0,6.063898806124682,74.02151662463856
783,2.7625934123486693,73.0738732312367,9.887155174984695,0.06486650181117803,73.33297419313719,0,7.859687600746739,97.6727711897743
784,3.4198719545274363,81.86007384041402,8.758857243980437,4.959306445148785,57.48166437026467,1,7.422466296371244,75.55021857611811
785,2.2711840176099796,82.96769611028913,9.122709530228002,4.80588420242019,65.04368693974888,1,2.867603458463911,83.06215829259081
786,7.359153929335398,94.75588703532682,5.451862781902272,0.6267271086009083,62.61201282083131,1,6.119314627904856,100.0
787,5.0837425633628435,81.83348410836037,9.763761853079199,3.4611442867962015,92.55429549999369,1,8.809508375245832,100.0
788,3.8059599173454792,80.69667923800309,5.1815542267205705,2.7838901890013243,94.31793994063094,0,4.8890461312173645,94.80936719317786
789,4.2340406255089285,53.3326020280345,9.708578862170993,0.7122545730546688,69.5774182993516,1,9.69931693200985,87.89880676727697
790,7.630983377282707,75.9204010972602,9.968915763795707,5.8834093623643415,59.80935701893627,1,5.069935900915462,92.84987436922553
791,2.0734598218125613,57.50845004085208,8.270336834476293,1.2881753247801326,46.40804224014182,0,2.285070730010962,67.34805960826986
792,5.103608824117581,86.87168843607428,9.886862390750931,0.4034050805433669,97.20417276292571,1,4.504912120699059,100.0
793,4.541220752191261,75.61109604063373,7.417238677402622,3.5690842770114575,43.61361669401785,1,9.565321657514835,78.36532320863161
794,5.280179648042535,84.01138896041766,5.557250699056542,4.433200062798196,57.85901665409683,1,3.877487644058688,77.22312115348527
795,1.1267712867458837,52.083645030119214,6.621975313993725,0.19466067628312178,57.88397207020025,1,8.812883438803565,71.2875426144654
796,7.104867362609061,54.23960080229016,7.5613656122727155,3.952305832362133,59.22407716841289,0,8.931256135137009,84.30415846464545
797,7.524827977385287,85.81616940313411,4.43848937216209,3.193751255708727,49.85721059634456,0,4.151678718987649,88.0797387286653
798,4.9559322851244625,53.60421679993367,7.734059587703476,0.6195900532502905,86.98968585542184,0,1.749318922455689,94.34851527284398
799,5.876555767138246,53.56283638826293,9.887067020573767,1.0351432616781724,47.34987171795935,0,7.521021182429364,72.70954351693683
800,7.457495668241069,50.605423761744376,5.140645898702366,3.407845783896483,78.09439954918977,0,3.8036106911258742,84.92468688066579
801,5.95067044019379,97.82506991497401,8.755570697730299,1.7781456810797303,47.43076160234905,1,8.04631252831815,98.07145309833982
802,2.0677733003998293,86.87541797295034,9.447392762677715,5.629894371907897,44.2321382555774,1,4.983893634343898,70.73301077556593
803,5.034018521167692,67.66257042510321,9.662209556921326,4.9124413769043045,94.56577022115259,0,5.367400681083594,100.0
804,5.247005324679991,64.82677906438276,9.760813626432682,5.901403239081978,51.40772597912234,0,8.00118466073683,78.82581321702422
805,3.968914699116702,67.48516148729247,7.128757832328832,1.558025033702484,89.27500927358226,0,4.441269979554651,87.84568054003631
806,6.15510964937306,88.73267655905909,9.863847447949022,5.818341796787863,72.67785226642815,1,4.988146107906231,97.59902921053711
807,7.540569103383104,83.06853055352072,8.543861242806633,2.587403218749347,44.67139117652618,0,4.3857142189266,91.13973577795716
808,7.478979590347434,59.259778393373395,4.970028617421772,2.0851127718825277,97.32689148628404,1,4.30606463749552,94.599465369563
809,4.155875599828924,58.70546676670422,6.86140063880782,0.30209716181611945,54.81767001951355,1,5.7335191921131345,86.28084240209012
810,1.7926663208852869,54.91978248566986,8.309987052232024,0.3165915471576157,91.57872072115639,1,8.279195000510356,90.78978085543572
811,7.893888392736342,83.0151359850669,5.4840418949145,4.152067535679928,50.12860034707385,1,4.255914807303093,95.41955001155583
812,6.8722866051215385,88.2186331110868,7.843691101293324,2.7475739666041674,91.23657292851118,0,5.718292484839631,100.0
813,1.8726387684228678,63.2523214162502,7.999602874279716,1.3591297562166342,40.79372877431764,1,7.036545928983408,70.04645280173611
814,7.445893178321606,51.047248051545644,4.9761984628513956,3.683821837951396,70.70682739416884,1,3.4249550167328953,99.03531954974898
815,7.089274534434898,54.10858337382137,7.3905118747165375,1.517148709500667,86.1665547652934,0,3.497705244121533,93.57385944082819
816,4.6318663998825045,98.39300174225153,8.629761465871645,3.4657905260665354,96.087731049567,1,9.400718143211094,100.0
817,5.1389280502145045,64.77223887387102,6.9933739872156515,2.155252481896142,94.55212817238922,1,7.511811159979797,100.0
818,3.7930189270909116,88.46115739190668,4.072618700656644,4.9413133596709145,89.17749217285869,1,6.19468008600978,82.31026713293069
819,1.3833314717542193,81.23317844271318,4.054230814475753,4.924176964600676,93.29148097967825,0,6.8294804897855075,79.7356359509798
820,3.3463806915213063,69.09698198264479,6.142176063820073,2.864102388734408,51.953181150224594,1,1.2636949879307653,75.24742250471623
821,6.6199741401860805,60.28436310977776,9.557164410590692,2.1049146560100933,57.051057742703726,1,6.562926690055272,89.04205843885153
822,1.03242416103222,56.06932090797032,5.372060677621652,2.1753587793545672,57.33811149526351,0,5.585579859017817,62.9302144516393
823,3.3344942018380093,80.75064840194332,7.806182133230123,4.834287154009307,62.62323586010193,0,5.911747118014921,68.90190575948628
824,3.787180855136603,88.7316890318894,5.332455224159924,1.969076896785672,63.59924022311132,1,4.234814441477354,76.80536461256203
825,4.76176922056546,82.19521267705653,5.930019937957292,1.2543562422410761,72.67331947928054,1,1.733265079416477,93.70379291551578
826,7.438989314889323,76.51510666245792,9.088252537608904,0.508130051251841,49.59278580198648,0,2.74005310250847,95.04811854748931
827,3.4244219605617285,52.097561171581816,8.37316865361968,2.80015872530645,81.47479982715936,1,9.556702418914046,82.02758788446029
828,3.4286724132735937,98.42443887971919,4.572395663879264,2.8927925935190513,50.05399235827039,0,4.678296060438406,77.1225921134847
829,6.162508736768238,89.93570958272872,6.572212125918602,5.045452262417443,58.61850892627285,1,5.200148402477778,92.17071971431879
830,4.16552558622865,64.64110183504823,4.175018581871587,1.3274321786763839,70.20070783636925,0,1.474388108680951,81.80437106401237
831,2.5722337605798735,98.99851646794252,6.885340879618054,2.2859476420103997,87.78643369140863,1,1.3380960658958254,96.60778494786574
832,4.167076612928854,80.09407948181611,7.974604070206409,4.850434433362146,84.36815399432363,0,7.454633023420819,94.56706512368336
833,1.985999142658599,79.12113291036232,4.711015741588909,4.941741664493841,78.73206138463134,0,5.842851977090001,70.82753460734584
834,2.234708905543563,87.4036589714766,5.733309633454994,2.307666455872609,49.34639563481021,0,5.5783538579464,78.10734416455638
835,4.488574409176358,90.58848940450687,6.387019753012941,2.7547441397200854,72.82272073693466,0,3.1881207738040183,86.12139927236065
836,3.9324781465318353,82.82393036657513,9.517186147936298,1.8197153450956975,45.24679010799313,0,7.7027565846693005,90.03177317561705
837,7.4039213074767005,56.40478731831,9.959530092537785,5.595329270515872,62.641790607799045,1,2.514129211976427,92.55852274404812
838,3.536757293816432,66.91337529972492,4.269467793973695,0.7118625944494819,64.81099181739755,1,2.70941269294918,70.22012492231144
839,5.064118451946304,96.40418201630249,8.566047540972352,5.60249653800882,42.38868636674523,0,5.146409542134479,85.94081862342307
840,5.425850015436713,61.230780592192595,6.23034439841406,4.103198711012059,56.439285968198305,1,3.576518759007468,78.2276748957886
841,1.0916611961183356,68.60835119187567,6.35474911737688,3.189432916120387,97.33896803598935,1,3.2271668310983173,88.79960351250507
842,5.644761604116974,71.6038441472098,8.525589840082137,0.19595436470697525,97.21795646978137,1,6.807138800979985,100.0
843,2.24625176808826,71.97024948472261,9.510558592872453,2.8535771509320496,61.13962325515236,1,6.858745706966901,80.57642277541797
844,7.727492222286186,80.64697912472627,9.70557156701529,2.4464886300163937,42.58600653689945,1,8.420653628199364,92.17727185995426
845,2.040639094271791,97.15379188723537,7.462735516229925,0.9673128718507353,50.745696359690896,1,4.759377102756783,84.03461073613322
846,3.902368866089166,62.034635591625246,6.142726955803017,3.9384576210039413,63.53306760601241,0,1.6577658192353522,72.36794496222353
847,1.597447676550507,56.0750688150459,8.725294515152676,5.826905444209714,96.86678187815379,1,3.462997464293119,86.78522224682557
848,7.978119762921631,59.873524492996864,5.506008299573802,3.3731328663871505,48.471943812231096,1,9.820049168771352,72.2941727363107
849,4.515365072318698,94.34624501046348,7.384444173001107,4.288519658663675,85.81095062009274,1,6.366327177094319,100.0
850,5.167695121240307,82.2905406327603,6.151470769149239,0.4107027153961007,46.52095236248152,0,7.387633763209182,77.11237719550925
851,1.4695353417189922,64.29533946195801,7.939786442247256,2.5060019749019684,98.87545464347662,1,1.0662204666287307,97.9915886352359
852,6.249723292794244,90.79734694843086,5.442393477361041,0.6981509109869752,62.8969899465481,1,5.663851589642688,99.63958955666737
853,2.4693391516691,93.0684998181718,5.149557674408955,3.6767750132190624,86.51407233394336,1,1.3377579177862282,90.03818427733543
854,7.286380026084997,92.3257169345139,9.509434520052622,5.630892949284927,60.555464968667906,0,6.123071908823031,100.0
855,2.4359774833740504,95.94632668197772,4.610822097697222,3.970666394829831,77.66013262952852,1,9.286937646724677,78.63131459161988
856,2.334814044645666,62.612051008668075,7.03574744640959,0.4608182898865292,51.52096508440221,0,9.715772174503671,75.37990493401385
857,1.255847674936664,87.75209643731392,5.3251166977780535,2.127997229910497,48.761261157817756,1,5.8649740785003175,76.1447398526246
858,4.304468615769995,73.026974863707,4.233579779954004,3.303980276645109,96.28384837408788,0,5.123843247269944,92.74364780691745
859,4.953887932838315,92.09992764450308,4.216112909748558,2.4192465367995135,95.058836674266,0,9.505153848236446,100.0
860,1.4599604759984666,86.42453385808065,5.051330632634964,5.001864062851034,93.24813641277294,0,7.062488487970256,78.14539444543524
861,6.428693316865074,88.82237232498623,9.200622127036002,4.888026028259935,77.52600700999561,1,1.584093515845685,100.0
862,4.173021843236193,82.80809188405357,5.6948724638621595,3.670986120619329,88.49609267297669,0,5.191530199007478,91.87045076508913
863,4.67073188529306,58.87143847348534,9.702755023451775,2.2407476707962317,44.14221621468249,0,3.162205166178735,76.63456092310778
864,4.085339228567597,77.25134594484692,7.489733757935161,1.5320182425794648,60.087342513440746,0,5.228238893038134,80.27193870023036
865,3.8053414261272818,99.23348697622541,6.6196851386125966,0.6352459092787759,58.822187485429374,0,5.0991901480572555,89.37784790524088
866,4.917482319157525,96.86940332485594,7.480533008016728,2.1293861009193242,78.1387193171568,1,6.239303225332678,100.0
867,2.0866817215149878,52.158686789850584,7.100190311357607,2.479035103246317,61.35746640823843,1,4.210934413143261,63.1633602185248
868,2.273496913466898,58.24074078647186,8.552657522543951,4.054937550624442,48.91040689862085,1,2.4784340451033526,67.63828714552942
869,7.032499347094621,56.58643867272809,5.694976395837114,3.948958945785441,75.78802452481261,1,5.5334749113096064,95.78409683820689
870,7.622808234935429,86.29899549926478,6.118302349601814,0.4206488378475417,88.86303524014488,0,8.471825959111857,100.0
871,3.6131652139582706,90.88926649284726,9.364565815199505,2.3715558925869464,62.92740966759839,1,6.976110052608421,97.1181839453135
872,2.8952127120048763,60.675568315533596,9.678739078902433,1.0906732033041715,47.9361229059089,0,4.0453107933269425,65.38603218099789
873,5.5079968026731105,75.29263464759146,9.355349364918847,0.9408762319008341,51.80129183876939,1,9.419707204829715,93.15956001700029
874,3.8611391976866747,92.03515140056,6.516687963743881,4.963812898423475,54.24899831016304,1,9.209868141242639,72.91585441386489
875,1.177704489622414,86.64007723831253,8.68219301804129,0.2514913002975452,57.99385557967217,1,2.8841355944568887,74.11651121429033
876,2.0930681815633325,77.11186027459242,6.858014399806593,2.515097255412728,78.56770423037855,0,1.3547582660832669,77.57841167162547
877,6.0118056019317825,79.51738452293864,6.985239112876613,1.0092219345991091,76.05672907226314,1,7.67177837515686,96.67714670672362
878,5.6124675933710595,75.418027345814,5.228080654343704,5.275981294070844,81.76479169402235,1,8.44849235214238,88.75988469811506
879,1.1896719475243844,64.87742256594103,7.546781819551098,3.3422430796502107,61.75011907189079,1,9.710781093562197,67.10642156189618
880,2.553805133530646,78.2510996429508,5.116815386520088,1.3882838182610882,89.4398591127987,0,9.008527546794797,90.74745746071264
881,2.6175235761164997,84.44426510250453,5.989388194403163,3.0145637229982585,52.245259669345614,1,6.404812913857733,70.7771392806706
882,5.703249205191099,93.66614579304039,9.130181209719611,4.388918158218695,68.14244485108924,1,5.770471052911427,91.73291963248434
883,1.1379737642805492,81.8145676989624,5.242454855265131,5.748708053516602,88.05632329248581,0,1.2505694613632765,80.68661387578497
884,1.7287600738920168,88.0560768521579,4.426949711040597,1.3226760254725136,50.80951886395715,0,3.2199080216030005,61.42105749899124
885,6.599412597612326,58.003581747728646,4.414045555676898,5.317090632776071,46.59178682444698,1,5.136532765596338,70.65347135365792
886,2.2498126343803353,73.07787372098949,9.644707123018648,5.605824685004942,93.02103806127938,1,6.6565351007521105,93.54649143769133
887,5.569222754963123,50.46658099135467,7.041522627771007,5.498523267192398,60.57577976555176,1,6.015266499865696,77.5380676468021
888,2.6672794673270857,62.33394322608115,6.45647243090211,3.8124861411714592,81.03220749454192,0,7.683723907135215,82.55051797205806
889,1.6960897493154161,86.32308575565024,8.865271486047511,3.778923926608246,41.52091625583631,0,3.5179023779833676,67.89891565102134
890,2.7022053369961787,99.59049756746816,9.014955567463096,2.4192637991029367,81.40281330456698,0,6.084573468872259,91.48184480829488
891,6.0558685229896145,54.958904979360796,5.993146198693628,4.514387293822727,58.96607869281823,1,1.7932801905171292,89.3017072587873
892,6.989875276744,70.07471579306441,8.161708344842772,3.187764110105592,43.34445121524651,0,4.722989712248863,83.1675792937369
893,6.811539051968941,90.00354843495798,8.62673689511132,4.064628427369767,76.58876569288702,1,7.751447496591409,100.0
894,3.7802847073291836,60.20178173144494,7.927904121195727,2.5707474230927727,54.448228964390395,0,7.240607680861396,77.22510205397556
895,5.676595955994523,77.7542474651143,4.909570448800596,4.388978784258835,63.2084345231128,0,9.915784634549611,82.1198027759321
896,2.4348900679107466,86.65356480148374,9.255298501102342,4.946829105627295,44.83484873719082,0,3.501020133889804,71.23954838914389
897,3.052034111827093,80.79927251300896,7.234567316416053,0.8786175396168967,48.82979506569672,1,5.483703692565812,89.4749440504696
898,7.274350729647838,59.401236730770805,5.694834558220022,4.997578293445368,57.87863412975062,1,3.9657737239659703,81.37478553769466
899,1.0910134645751524,67.76922843428697,6.551369112626164,3.2417791907418434,45.385570033609426,1,4.965428026532573,57.038872374444
900,1.5985597159812766,89.18958922426987,4.2254265423934445,5.067995454541346,94.64957588117892,1,8.712551168824493,84.90765603483271
901,2.4552037860221914,77.71132570660083,4.767200807334506,2.587810238046088,40.36282259103871,0,7.1578816766963795,64.32589008709343
902,1.1857254271167381,50.261480677145634,8.593280503095166,2.2742429122982104,69.03161313185868,1,8.941970722128236,63.579678964331
903,2.270048045628581,88.0495380014047,4.000069808532197,5.4903643951033345,47.394847487953086,0,2.831599974986978,49.129290893939135
904,5.081290926787846,51.76556774701196,6.4993949708937535,1.5070156052904078,58.46074536867691,1,8.860250060572941,75.88789689634459
905,3.9499718541474858,87.2866891365616,7.135061086513531,5.065273951716859,95.56357358909594,1,1.53786046760546,91.27027740226173
906,7.248701977538824,60.124028008261874,4.327806520005834,2.904123435056425,49.70167319643921,0,8.997393523934372,74.05812406065229
907,6.722104932169087,97.90367400596901,9.838468977833998,3.084572655307558,97.94993918309996,0,3.9616640151465514,100.0
908,3.392721461885132,68.39703756510423,5.356751987498032,1.8508096889369041,52.3476626193653,1,3.8312887007265983,66.74737355058383
909,2.8159640340190473,66.34658081690395,5.825192317817685,3.438253203714094,84.49396650800978,1,5.608797190287976,75.77368558130978
910,3.657846857170868,57.44440251662223,5.823655073530164,1.9512671776572679,72.8006358938387,0,9.466211689509086,77.33212131974066
911,5.132064597603654,65.28021077451075,5.3824999727041,0.23561648544991387,93.06872365580554,0,1.4300322821326483,100.0
912,2.876445485760134,93.83253809141003,4.008842932517869,1.6319916320661363,73.23959533018785,0,4.170078775636708,73.37017225991094
913,5.369042354943938,99.81671688136237,8.376068764527979,0.03827426043954407,72.07355314937851,0,8.709147898150022,100.0
914,3.865881565338683,68.41547652534241,9.801072998795712,5.87012872234114,51.72748002210399,0,4.5644902969192005,76.73539316278078
915,4.864330265963861,72.43053154772713,5.34576089971027,5.7944832589184845,49.97376172309952,1,2.7924120783736033,75.9435838115493
916,4.052885703947217,86.10354691013686,7.978283150820534,2.3709317848338305,94.98934906693086,1,4.823147631982706,100.0
917,3.061260316793424,94.30978902325373,8.451377961752291,4.370225126037876,59.67029193100204,1,4.469972513425024,94.73061179739668
918,7.639173148735097,79.6522167093392,9.090552274543148,2.07483659046255,62.324935297773756,1,9.238745813200332,100.0
919,6.345240559118325,69.57628490889147,6.535775182081655,4.026558942515856,85.5894195057033,0,7.857409381687874,96.6281273127712
920,1.980792230365168,70.63109204243119,5.817585433842575,4.832580258275875,60.32940894536844,0,5.546040001696057,61.58130932090546
921,7.07927583128539,84.78090732484034,5.951770804138187,5.680537468153444,97.12374679834016,0,9.89533510049414,100.0
922,4.4120183877465955,50.16091318021393,8.275727998591076,2.401273655098032,84.27566613992802,1,5.18749778148331,98.44809286773123
923,7.26186558825864,80.97946687299203,8.900676799033816,4.699787897736286,75.8457545544052,0,1.5241404773824772,95.29077902394464
924,6.598986791631207,67.77465052206787,5.089683806539616,1.5955707037927127,92.85370963268514,0,3.360468896334864,96.63596033605005
925,3.9764945312846343,89.7098665638542,6.225646048946591,5.94199382276189,42.97635450096897,1,4.924634321973814,77.73132139105243
926,1.1572851582408217,54.64953199115661,9.4116411804949,0.15461759258610686,55.423761531352525,1,2.412123617315081,75.42741950260762
927,2.8807415156946226,79.41011334741953,8.840161118168435,3.621172839006726,67.9021800532546,1,9.528086136916388,82.72999483737303
928,4.791439502626068,74.04864449430619,9.909150416574855,3.9570358899079627,53.61871236829126,0,7.901640080359958,86.34446454683314
929,5.434347538783031,82.11627629526137,8.525489558092485,4.128273342444773,84.63431123812911,0,3.4145848038499538,100.0
930,2.805213798032416,53.24267972414842,6.359171206167534,0.7223254727345341,95.15248186322351,1,6.317240801661242,96.90612728922416
931,1.975492518509769,78.99918937140657,7.543827003967826,5.631178700838783,65.4262071958554,1,7.4930424139861485,74.32826440920009
932,6.844511657595094,78.07422939797618,7.966085525483922,1.0870996743004968,60.527956006713694,0,9.471510360161181,100.0
933,7.890815264924865,78.03300472080855,4.4707348979027435,3.7365204194390467,97.69304392825399,1,8.934718142578696,100.0
934,4.679831276118801,80.17438332982275,7.26698175462319,1.3360564747385097,66.69114596965245,0,5.636730035243923,91.6375876606242
935,2.2017550009381246,83.82339686131812,8.255924970835657,1.8432985021276254,69.342904026957,1,7.971873578137158,85.61903409308053
936,2.9061512856355827,90.24944998403848,5.003927824006363,3.278751250368746,61.09899234051432,1,6.059302784448265,80.95090000657555
937,1.1287347358322672,63.49103600641072,8.683790304553343,2.503160511387459,94.57290838072831,1,5.974335010409861,85.6351394866225
938,7.400091645923493,91.2524705090031,7.50263668308467,0.9613536058590377,74.13732899691104,0,2.032677625043727,100.0
939,1.824257580230988,74.91278411317268,9.713330714185567,1.0256184145250897,85.73047523089868,0,2.1352389221453687,91.42469216538849
940,5.035615328599775,53.852913956716556,4.25453378924135,2.5088687289767977,88.70840310105318,1,5.765802535202117,87.03363493583059
941,2.918386544810442,52.92754646219896,5.591956825332802,4.543697869653005,60.510942515035495,0,3.4197539048110595,57.99720319650512
942,4.879246017610554,66.71191593480305,7.609323275798944,5.387787881086731,66.0216598792228,1,1.1893321221442177,88.1644544784945
943,5.559942718463049,89.24484885557338,5.779359473235584,0.504765973556297,90.90830646437587,1,7.505552835101911,100.0
944,6.8081926259504115,85.3840467370458,8.286544984427454,2.3586234453564066,61.79532110054862,0,1.2923793702114845,94.29402801893953
945,2.4449489023242226,89.43074823362032,8.554031695131586,0.6014733823372598,87.63610800711108,0,6.3574915699364904,99.51518412530791
946,1.0769708006093635,75.86345282208046,4.6150957843988465,0.0995548837955873,96.45953935446622,0,5.852744147145829,76.83476812833473
947,1.958199410481651,72.00994989777453,7.083126785240607,3.97031209586374,77.39262238408043,0,9.71933221520024,77.26773210535056
948,7.300130492936736,57.372626335314195,7.053343333546335,3.6146966517995267,84.49763724711333,1,5.357918254128775,100.0
949,7.117230542937607,66.40963768046558,6.215684621293247,0.9781146828893172,88.3058387224681,0,1.5724129274001761,100.0
950,5.181891715192158,71.70096830869376,9.597549175418033,1.4028769985583847,90.70237893379854,0,5.965191710258155,100.0
951,5.203618023035574,54.43002148398086,8.965037919239327,0.1422465218671103,63.70320027140776,1,8.569865535544913,83.3200215847068
952,5.655256721823788,61.03059763556056,8.18325629145782,5.009683234166422,43.07580755055989,1,9.971643558532959,69.84295788028406
953,2.227598950364147,79.91126470318694,8.285959814409985,5.848143576291308,64.11257627420437,1,4.8730885632016525,69.05692511232327
954,7.400883621474718,86.7831557119595,6.770296862878714,0.8127572207681448,80.42537378704539,1,3.8826886824706826,100.0
955,3.9313936742445117,99.91737556964748,9.525967126579456,1.3888512825917887,67.02102314684757,0,9.15987967256799,100.0
956,3.6819696977464824,96.65566656717789,8.167572563519713,5.210457143681604,84.93778905162392,0,2.721179161685092,96.31401558821243
957,4.632423936979863,82.12825997675958,8.373886369934898,5.558782787737109,61.41894576811983,1,6.538860235296339,91.3937199116971
958,1.3287617674253853,71.0624026647036,9.170145422724072,2.517764296840862,78.08464846624177,1,4.65142981762853,83.90952840532154
959,2.163983581292556,81.80886823541164,5.644429536053146,0.30373483361444475,51.185188291238475,0,1.3697412845999977,69.14888752459375
960,6.166235314984593,89.2825809040116,8.842425423200218,0.2363510021569164,84.96216619869742,0,4.12559626875128,100.0
961,1.5795906754758853,55.91680954616937,5.1714436177389524,3.4436991964140624,72.74175812878156,0,3.387056702524071,63.089668114114104
962,5.222064766264717,70.4952444848144,6.072051713469327,2.357370653359074,52.24386331279604,0,7.1748203854913815,69.0278037322561
963,2.7174437677692467,91.99011428178086,6.0136627256190565,0.1719145654659271,57.51467040986844,0,9.539114479227264,80.3148719816214
964,3.725069298293836,69.1916475966522,9.871152810334843,3.4995143538753406,84.91652251490994,1,3.4124246864077397,95.40739726841242
965,3.020856157394899,78.59361356135932,9.139223342487561,0.06781521953413483,68.95607413969124,1,8.303193452365136,95.0430732438963
966,3.489709015254644,79.38846804310991,8.207019169541558,4.724231748895638,52.96188642358433,1,1.4982383524456857,77.05162788367643
967,6.033321336289719,59.22381265668197,8.362340569692341,1.8385969362202295,98.03627142221785,1,5.843089090358318,100.0
968,3.079852009362225,68.11177208261442,7.372436766415427,0.2415480180553926,82.90750118901327,0,1.6349505733890513,84.23327661244947
969,4.964832482078281,66.72556443709661,9.682544002651115,3.53011332589892,97.42808995238777,1,9.406296920175754,100.0
970,4.332352815393698,51.30983542660324,6.9775525172941695,2.386106486598328,65.62630272162059,0,7.897161525016512,79.6026447091377
971,5.645698157538537,51.209588194567765,6.283106259219367,5.842802480142897,68.50602044150322,0,6.921549200841331,70.28399315208118
972,7.557808175273306,91.58485218378868,4.978212021589546,3.265191975022213,93.87731297110115,0,8.415067434621978,100.0
973,6.1280046804717525,63.65354049864062,8.717233913566348,1.6514350862220497,71.50296041472308,0,6.827678160131469,95.48209103428778
974,2.5045826501352972,75.90393831194078,8.406663592453548,4.256633187803849,82.43673471434002,0,9.72049957456862,80.84593293640344
975,1.2182819454289926,64.93627867943866,6.3061302311448095,1.628952015256268,55.1303726497318,0,7.425621530782943,59.14874862527868
976,2.8358483100987755,97.03396225576702,4.151160483755376,5.425459748445391,66.80358812215843,0,9.32192748624022,75.17256156687817
977,5.165545514901784,62.964837943288686,9.033983966308064,2.248331823044259,47.406991948621304,1,5.654187028095742,75.28349452349102
978,1.3599806943897526,71.48284063694675,4.068507900724442,3.2992113766572313,52.3588021526177,0,2.0535797168367638,58.00199335766188
979,4.474563730408654,93.63651252423008,8.222198677774305,0.30343862294537316,40.056604916057864,1,5.753599492807154,80.52997868976712
980,5.177899942418224,92.09667833959043,9.821542658356343,2.5567274277133847,42.35590309891961,1,2.1418554525678397,93.64081746131852
981,3.3397072357187256,59.305070892313864,6.625967968889221,4.99418123796597,98.63702939061577,0,6.332441312587646,97.91866771364792
982,6.396385426220753,90.13216548978552,5.409840429975716,4.833892832180052,54.54122170820574,0,5.342437544748966,79.16085980909381
983,1.7461877719364027,72.90934433689463,8.22922606026029,1.3459113531211575,79.79864257024012,1,6.603178580495035,88.86750007664628
984,1.5259644721506613,74.14844360426775,8.90276885209351,1.356474426063376,90.3459819279767,1,1.0904228294934843,88.65849847455318
985,6.097321293425224,56.67399862079719,7.278581896467084,4.903831873279421,73.03962755419386,1,2.753564424898277,93.31748538904097
986,4.468439213443389,54.03007568785623,9.802211651536878,5.582390521015953,49.18867000503737,1,5.421973887209178,66.58166003877287
987,5.818816774994152,86.39696534868827,4.310012329947766,0.5721655276380213,83.68698624016999,0,9.554532054302214,100.0
988,4.043791370226224,74.82305761776499,7.028773589827169,2.700351836557352,76.01508460597498,0,4.4524813631964255,82.27169965959342
989,2.7248142326737477,71.84253513075898,8.3107236839353,2.024725673785374,83.8750353608425,0,4.819348234482712,86.93897106204463
990,6.733716223719398,86.47541143261984,9.175842826895074,5.224130732744636,86.18479737142523,1,7.4322648010596,100.0
991,6.595911152782855,88.27564494955548,5.07553367144674,0.5011494880801126,98.5246220610847,0,6.434134815575062,100.0
992,5.862875295980987,57.94540838346768,8.800020890582088,1.2667556553482244,74.4137968016026,1,3.690335350884999,92.55702862570946
993,2.905015960609739,80.51125747388207,7.316242454311272,4.514810025518966,60.498466761436106,0,4.69734756010685,76.64276563232487
994,5.13161466808361,56.76770411388428,6.3793220919397795,0.3077630938872935,78.90787341401423,1,2.959298189715092,90.5872160152438
995,3.5268172785801877,87.56875430145229,4.790290171474561,2.955212284285736,44.10644255455757,0,9.694193132171877,67.00651673956143
996,1.641074513286439,82.84775781335698,9.191774553453474,2.65264220807832,93.84383909929518,0,2.1757094340162375,93.48391027859054
997,7.421195028235699,97.8307310541729,4.943639249078292,2.006407073932492,47.16286068029181,1,4.3465310610977745,88.68397429830418
998,1.9577304164327298,53.44790081782106,5.858727155254595,2.3674338919135427,59.670570273149096,1,1.2325507499801007,65.9187160879951
999,7.651661476745617,52.852736057562716,5.740273191774621,3.1796435215813976,88.94472283756726,1,2.9960154274019177,100.0
1000,4.12204041070569,64.10935373466,9.228484205145126,0.9682041503302987,75.83874269984271,1,8.024240245421394,89.75452736877334
